index_,country_name,m2016,f2016,short_name,2-alpha_code,currency_unit,special_notes,region,income_group,wb-2_code,national_accounts_base_year,national_accounts_reference_year,sna_price_valuation,lending_category,other_groups,system_of_national_accounts,alternative_conversion_factor,balance_of_payments_manual_in_use,external_debt_reporting_status,system_of_trade,government_accounting_concept,imf_data_dissemination_standard,latest_population_census,latest_household_survey,source_of_most_recent_income_and_expenditure_data,vital_registration_complete,latest_agricultural_census,latest_industrial_data,latest_trade_data,mean_age,total2016
0,Aruba,,1.8,Aruba,AW,Aruban florin,,Latin America & Caribbean,High income,AW,2000,,Value added at basic prices (VAB),,,Country uses the 1993 System of National Accounts methodology,,BPM6,,General trade system,,Enhanced General Data Dissemination System (e-GDDS),2020 (expected),,,Yes,,,2018,37,622308
2,Afghanistan,53.2,4.635,Afghanistan,AF,Afghan afghani,Fiscal year end: March 20; reporting period for national accounts data: FY.,South Asia,Low income,AF,2016,,Value added at basic prices (VAB),IDA,HIPC,Country uses the 1993 System of National Accounts methodology,,BPM6,Actual,General trade system,Consolidated central government,Enhanced General Data Dissemination System (e-GDDS),1979,"Demographic and Health Survey, 2015","Integrated household survey (IHS), 2016/17",,,,2018,80,3607857
4,Angola,54.6,5.694,Angola,AO,Angolan kwanza,,Sub-Saharan Africa,Lower middle income,AO,2002,,Value added at basic prices (VAB),IBRD,,Country uses the 1993 System of National Accounts methodology,1991–96,BPM6,Actual,General trade system,Budgetary central government,Enhanced General Data Dissemination System (e-GDDS),2014,"Demographic and Health Survey, 2015/16","Integrated household survey (IHS), 2008/09",,,,2018,72,5446262
5,Albania,12.0,1.713,Albania,AL,Albanian lek,,Europe & Central Asia,Upper middle income,AL,Original chained constant price data are rescaled.,2010,Value added at basic prices (VAB),IBRD,,Country uses the 2008 System of National Accounts methodology,,BPM6,Actual,Special trade system,Consolidated central government,Enhanced General Data Dissemination System (e-GDDS),2020 (expected),"Demographic and Health Survey, 2017/18","Living Standards Measurement Study Survey (LSMS), 2012",Yes,2012,2013,2018,38,3185249
6,Andorra,2.4,,Andorra,AD,Euro,,Europe & Central Asia,High income,AD,2010,,Value added at basic prices (VAB),,,Country uses the 1993 System of National Accounts methodology,,BPM6,,General trade system,,,2011. Population figures compiled from administrative registers.,,,Yes,,,2018,76,9117514
8,United Arab Emirates,6.6,1.748,United Arab Emirates,AE,U.A.E. dirham,,Middle East & North Africa,High income,AE,2010,,Value added at producer prices (VAP),,,Country uses the 1993 System of National Accounts methodology,,,,Special trade system,Consolidated central government,Enhanced General Data Dissemination System (e-GDDS),2020 (expected),"World Health Survey, 2003",,Yes,2012,1985,2018,89,4144953
9,Argentina,9.9,2.293,Argentina,AR,Argentine peso,,Latin America & Caribbean,Upper middle income,AR,2004,,Value added at basic prices (VAB),IBRD,,Country uses the 2008 System of National Accounts methodology,1971–84; 2012-15,BPM6,Actual,Special trade system,Consolidated central government,Special Data Dissemination Standard (SDDS),2020 (expected),"Multiple Indicator Cluster Survey, 2019/20","Integrated household survey (IHS), 2016",Yes,2008,2002,2018,30,7128273
10,Armenia,11.9,1.612,Armenia,AM,Armenian dram,,Europe & Central Asia,Upper middle income,AM,Original chained constant price data are rescaled.,2012,Value added at basic prices (VAB),IBRD,,Country uses the 2008 System of National Accounts methodology,1990–95,BPM6,Actual,General trade system,Consolidated central government,Special Data Dissemination Standard (SDDS),2020 (expected),"Demographic and Health Survey, 2015/16","Integrated household survey (IHS), 2016",Yes,2014,,2018,51,8680034
11,American Samoa,,,American Samoa,AS,U.S. dollar,,East Asia & Pacific,Upper middle income,AS,Original chained constant price data are rescaled.,2012,Value added at basic prices (VAB),,,Country uses the 2008 System of National Accounts methodology,,,,,,,2020 (expected),,,Yes,2008,,,33,7747776
12,Antigua and Barbuda,5.1,2.051,Antigua and Barbuda,AG,East Caribbean dollar,,Latin America & Caribbean,High income,AG,2006,,Value added at basic prices (VAB),IBRD,,Country uses the 2008 System of National Accounts methodology,,BPM6,,General trade system,Budgetary central government,Enhanced General Data Dissemination System (e-GDDS),2011,,,Yes,2007,,2018,48,9893120
13,Australia,3.1,1.809,Australia,AU,Australian dollar,Fiscal year end: June 30; reporting period for national accounts data: FY.,East Asia & Pacific,High income,AU,Original chained constant price data are rescaled.,2020,Value added at basic prices (VAB),,,Country uses the 2008 System of National Accounts methodology,,BPM6,,General trade system,Consolidated central government,Special Data Dissemination Standard (SDDS),2016,,"Expenditure survey/budget survey (ES/BS), 2010",Yes,2015-2016,2013,2018,31,3071536
14,Austria,2.9,1.49,Austria,AT,Euro,"A simple multiplier is used to convert the national currencies of EMU members to euros. The following irrevocable euro conversion rate was adopted by the EU Council on January 1, 1999: 1 euro = 13.7603 Austrian schilling. Please note that historical data before 1999 are not actual euros and are not comparable or suitable for aggregation across countries.",Europe & Central Asia,High income,AT,Original chained constant price data are rescaled.,2015,Value added at basic prices (VAB),,Euro area,Country uses the 2008 System of National Accounts methodology,,BPM6,,Special trade system,Consolidated central government,Special Data Dissemination Standard Plus (SDDS Plus),2011. Population figures compiled from administrative registers.,,"Income survey (IS), 2015",Yes,2010,2014,2018,38,1119872
15,Azerbaijan,27.2,1.94,Azerbaijan,AZ,New Azeri manat,,Europe & Central Asia,Upper middle income,AZ,Original chained constant price data are rescaled.,2005,Value added at basic prices (VAB),IBRD,,Country uses the 1993 System of National Accounts methodology,1992–95,BPM6,Actual,General trade system,Consolidated central government,Enhanced General Data Dissemination System (e-GDDS),2019,"Demographic and Health Survey, 2006","Living Standards Measurement Study Survey (LSMS), 2012",Yes,2015,2013,2018,78,2707602
16,Burundi,48.4,5.697,Burundi,BI,Burundi franc,,Sub-Saharan Africa,Low income,BI,2005,,Value added at basic prices (VAB),IDA,HIPC,Country uses the 1993 System of National Accounts methodology,,BPM6,Actual,General trade system,Budgetary central government,Enhanced General Data Dissemination System (e-GDDS),2008,"Demographic and Health Survey, 2016/17","Core Welfare Indicator Questionnaire Survey (CWIQ), 2014",,,2012,2018,90,4507579
17,Belgium,3.1,1.7,Belgium,BE,Euro,"A simple multiplier is used to convert the national currencies of EMU members to euros. The following irrevocable euro conversion rate was adopted by the EU Council on January 1, 1999: 1 euro = 40.3399 Belgian franc. Please note that historical data before 1999 are not actual euros and are not comparable or suitable for aggregation across countries.",Europe & Central Asia,High income,BE,Original chained constant price data are rescaled.,2015,Value added at basic prices (VAB),,Euro area,Country uses the 2008 System of National Accounts methodology,,BPM6,,Special trade system,Consolidated central government,Special Data Dissemination Standard (SDDS),"2011. Population figures compiled from administrative registers in combination with other sources of data, such as sample surveys.",,"Income survey (IS), 2015",Yes,2010,2014,2018,49,2593768
18,Benin,63.1,4.977,Benin,BJ,West African CFA franc,,Sub-Saharan Africa,Lower middle income,BJ,2015,,Value added at basic prices (VAB),IDA,HIPC,Country uses the 2008 System of National Accounts methodology,1992,BPM6,Actual,General trade system,Budgetary central government,Enhanced General Data Dissemination System (e-GDDS),2013,"Demographic and Health Survey, 2017/18","Core Welfare Indicator Questionnaire Survey (CWIQ), 2015",,,1981,2018,50,2676184
19,Burkina Faso,52.7,5.353,Burkina Faso,BF,West African CFA franc,,Sub-Saharan Africa,Low income,BF,2015,,Value added at basic prices (VAB),IDA,HIPC,Country uses the 2008 System of National Accounts methodology,1992–93,BPM6,Actual,General trade system,Budgetary central government,Enhanced General Data Dissemination System (e-GDDS),2019,"Malaria Indicator Survey, 2017/18","Core Welfare Indicator Questionnaire Survey (CWIQ), 2014",,2006-2010,1983,2018,87,2864301
20,Bangladesh,28.2,2.104,Bangladesh,BD,Bangladeshi taka,Fiscal year end: June 30; reporting period for national accounts data: FY.,South Asia,Lower middle income,BD,2006,,Value added at basic prices (VAB),IDA,,Country uses the 1993 System of National Accounts methodology,,BPM6,Actual,General trade system,Budgetary central government,Enhanced General Data Dissemination System (e-GDDS),2011,"Multiple Indicator Cluster Survey, 2019","Integrated household survey (IHS), 2016",,2008,2011,2015,68,3378278
21,Bulgaria,6.5,1.53,Bulgaria,BG,Bulgarian lev,,Europe & Central Asia,Upper middle income,BG,Original chained constant price data are rescaled.,2015,Value added at basic prices (VAB),IBRD,,Country uses the 2008 System of National Accounts methodology,"1978–89, 1991–92",BPM6,Actual,Special trade system,Consolidated central government,Special Data Dissemination Standard Plus (SDDS Plus),2011,Multitopic Household Survey 2007,"Expenditure survey/budget survey (ES/BS), 2014",Yes,2010,2014,2018,63,1104141
22,Bahrain,6.5,2.033,Bahrain,BH,Bahraini dinar,,Middle East & North Africa,High income,BH,2010,,Value added at producer prices (VAP),,,Country uses the 1993 System of National Accounts methodology,,BPM6,,General trade system,Budgetary central government,Enhanced General Data Dissemination System (e-GDDS),2020 (expected). Population figures compiled from administrative registers.,"Multiple Indicator Cluster Survey, 2000",,Yes,2010,2013,2018,45,5329608
24,Bosnia and Herzegovina,5.2,1.36,Bosnia and Herzegovina,BA,Bosnia and Herzegovina convertible mark,,Europe & Central Asia,Upper middle income,BA,Original chained constant price data are rescaled.,2015,Value added at basic prices (VAB),IBRD,,Country uses the 1993 System of National Accounts methodology,,BPM6,Actual,Special trade system,Consolidated central government,Enhanced General Data Dissemination System (e-GDDS),2013,"Multiple Indicator Cluster Survey, 2011/12","Expenditure survey/budget survey (ES/BS), 2015",Yes,,2011,2018,84,5321458
25,Belarus,2.9,1.733,Belarus,BY,Belarusian rubel,"Data before 2015 were adjusted to reflect the new denomination effective from July 1, 2016 (BYN), a decrease of 10,000 times (1 BYN = 10,000 BYR)",Europe & Central Asia,Upper middle income,BY,Original chained constant price data are rescaled.,2014,Value added at basic prices (VAB),IBRD,,Country uses the 2008 System of National Accounts methodology,1990–95,BPM6,Actual,General trade system,Consolidated central government,Special Data Dissemination Standard (SDDS),2019,"Multiple Indicator Cluster Survey, 2019","Integrated household survey (IHS), 2017",Yes,,2014,2018,80,4104178
26,Belize,12.8,2.51,Belize,BZ,Belize dollar,,Latin America & Caribbean,Lower middle income,BZ,2000,,Value added at basic prices (VAB),IBRD,,Country uses the 1993 System of National Accounts methodology,,BPM6,Actual,General trade system,Budgetary central government,Enhanced General Data Dissemination System (e-GDDS),2020 (expected),"Multiple Indicator Cluster Survey, 2015/16","Labor force survey (LFS), 1999",,2011,1992,2018,47,9396577
27,Bermuda,,1.61,Bermuda,BM,Bermuda dollar,,North America,High income,BM,2013,,Value added at basic prices (VAB),,,Country uses the 2008 System of National Accounts methodology,,BPM6,,General trade system,,,2016,,,Yes,,,2018,41,7417607
28,Bolivia,29.5,2.878,Bolivia,BO,Bolivian Boliviano,,Latin America & Caribbean,Lower middle income,BO,1990,,Value added at basic prices (VAB),IBRD,HIPC,Country uses the 1993 System of National Accounts methodology,1960–85,BPM6,Actual,General trade system,,Enhanced General Data Dissemination System (e-GDDS),2012,"Demographic and Health Survey, 2008","Integrated household survey (IHS), 2016",,2013,2010,2018,81,1882529
29,Brazil,13.5,1.726,Brazil,BR,Brazilian real,,Latin America & Caribbean,Upper middle income,BR,Original chained constant price data are rescaled.,2010,Value added at basic prices (VAB),IBRD,,Country uses the 2008 System of National Accounts methodology,,BPM6,Actual,Special trade system,Consolidated central government,Special Data Dissemination Standard Plus (SDDS Plus),2020 (expected),"National Health Survey, 2013","Integrated household survey (IHS), 2016",Yes,2006,2013,2018,89,7331575
30,Barbados,11.4,1.797,Barbados,BB,Barbados dollar,,Latin America & Caribbean,High income,BB,2010,,Value added at basic prices (VAB),,,Country uses the 1993 System of National Accounts methodology,,BPM6,,General trade system,Budgetary central government,Enhanced General Data Dissemination System (e-GDDS),2020 (expected),"Multiple Indicator Cluster Survey, 2012",,Yes,,1997,2018,88,4164367
32,Bhutan,26.8,2.051,Bhutan,BT,Bhutanese ngultrum,,South Asia,Lower middle income,BT,2000,,Value added at basic prices (VAB),IDA,,Country uses the 1993 System of National Accounts methodology,,BPM6,Actual,,Consolidated central government,Enhanced General Data Dissemination System (e-GDDS),2017,"Multiple Indicator Cluster Survey, 2010","Integrated household survey (IHS), 2017",,"2009. Economic Census, Natural Resources Census, Livestock Census, Livestock and Aquaculture Census or Sample Agricultural Census.",,2012,72,5519144
33,Botswana,32.6,2.73,Botswana,BW,Botswana pula,,Sub-Saharan Africa,Upper middle income,BW,2016,,Value added at basic prices (VAB),IBRD,,Country uses the 1993 System of National Accounts methodology,,BPM6,Actual,General trade system,Budgetary central government,Enhanced General Data Dissemination System (e-GDDS),2011,Family Health Survey 2007-2008,"Core Welfare Indicator Questionnaire Survey (CWIQ), 2015/16",,2015,2013,2018,58,9305369
34,Central African Republic,88.5,4.869,Central African Republic,CF,Central African CFA franc,,Sub-Saharan Africa,Low income,CF,2005,,Value added at basic prices (VAB),IDA,HIPC,Country uses the 1993 System of National Accounts methodology,,BPM5 (Converted into BPM6 by IMF),Actual,General trade system,Budgetary central government,Enhanced General Data Dissemination System (e-GDDS),2003,"Multiple Indicator Cluster Survey, 2018/19","Priority survey (PS), 2008",,,1993,2017,71,3396011
35,Canada,4.3,1.6,Canada,CA,Canadian dollar,Fiscal year end: March 31; reporting period for national accounts data: CY.,North America,High income,CA,Original chained constant price data are rescaled.,2015,Value added at basic prices (VAB),,,Country uses the 2008 System of National Accounts methodology,,BPM6,,General trade system,Consolidated central government,Special Data Dissemination Standard Plus (SDDS Plus),2016,,"Labor force survey (LFS), 2013",Yes,2016,2014,2018,65,1842537
37,Switzerland,3.6,1.54,Switzerland,CH,Swiss franc,,Europe & Central Asia,High income,CH,Original chained constant price data are rescaled.,2015,Value added at basic prices (VAB),,,Country uses the 2008 System of National Accounts methodology,,BPM6,,Special trade system,Consolidated central government,Special Data Dissemination Standard (SDDS),"2020 (expected). Population figures compiled from administrative registers in combination with other sources of data, such as sample surveys.",,"Income survey (IS), 2015",Yes,2010,2013,2018,88,5685926
38,Channel Islands,,1.478,Channel Islands,,Pound sterling,,Europe & Central Asia,High income,JG,,,,,,,,,,,,,Guernsey: 2015; Jersey: 2011.,,,Yes. Vital registration for Guernsey and Jersey.,,,,59,524635
39,Chile,7.2,1.774,Chile,CL,Chilean peso,,Latin America & Caribbean,High income,CL,Original chained constant price data are rescaled.,2013,Value added at basic prices (VAB),IBRD,,Country uses the 2008 System of National Accounts methodology,,BPM6,,General trade system,,Special Data Dissemination Standard Plus (SDDS Plus),2017,,"Integrated household survey (IHS), 2017",Yes,2007,2013,2018,55,5864677
40,China,8.5,1.624,China,CN,Chinese yuan,"On 1 July 1997 China resumed its exercise of sovereignty over Hong Kong; and on 20 December 1999 China resumed its exercise of sovereignty over Macao. Unless otherwise noted, data for China do not include data for Hong Kong SAR, China; Macao SAR, China; or Taiwan, China.",East Asia & Pacific,Upper middle income,CN,2015,,Value added at producer prices (VAP),IBRD,,Country uses the 2008 System of National Accounts methodology,1978–93,BPM6,Preliminary,General trade system,Consolidated central government,Special Data Dissemination Standard (SDDS),2020 (expected),"National Sample Survey on Population Changes, 2014","Integrated household survey (IHS), 2015",,2016,2007,2018,64,5080487
42,Cameroon,52.8,4.708,Cameroon,CM,Central African CFA franc,,Sub-Saharan Africa,Lower middle income,CM,2016,,Value added at basic prices (VAB),Blend,HIPC,Country uses the 2008 System of National Accounts methodology,,BPM6,Actual,Special trade system,,Enhanced General Data Dissemination System (e-GDDS),2020 (expected),"Malaria Indicator Survey, 2020/21","Priority survey (PS), 2014",,,2002,2017,86,968928
45,Colombia,13.1,1.853,Colombia,CO,Colombian peso,,Latin America & Caribbean,Upper middle income,CO,2015,,Value added at basic prices (VAB),IBRD,,Country uses the 2008 System of National Accounts methodology,1992–94,BPM6,Actual,Special trade system,Consolidated central government,Special Data Dissemination Standard (SDDS),2018,"Demographic and Health Survey, 2015","Integrated household survey (IHS), 2017",,2015,2012,2018,63,3934430
46,Comoros,55.0,4.347,Comoros,KM,Comorian franc,,Sub-Saharan Africa,Lower middle income,KM,2007,,Value added at producer prices (VAP),IDA,HIPC,Country uses the 2008 System of National Accounts methodology,,BPM5 (Converted into BPM6 by IMF),Actual,General trade system,,Enhanced General Data Dissemination System (e-GDDS),2017,"Demographic and Health Survey, 2012","Integrated household survey (IHS), 2013",,,,2013,50,5021398
47,Cabo Verde,18.2,2.334,Cabo Verde,CV,Cabo Verde escudo,,Sub-Saharan Africa,Lower middle income,CV,2007,,Value added at basic prices (VAB),Blend,,Country uses the 1993 System of National Accounts methodology,,BPM6,Actual,Special trade system,Consolidated central government,Enhanced General Data Dissemination System (e-GDDS),2020 (expected),"Demographic and Health Survey, 2005","Income survey (IS), 2015",Yes,2015,,2018,69,5692928
48,Costa Rica,7.7,1.783,Costa Rica,CR,Costa Rican colon,,Latin America & Caribbean,Upper middle income,CR,Original chained constant price data are rescaled.,2017,Value added at basic prices (VAB),IBRD,,Country uses the 2008 System of National Accounts methodology,,BPM6,Actual,Special trade system,Consolidated central government,Special Data Dissemination Standard (SDDS),2011,"Multiple Indicator Cluster Survey, 2018","Integrated household survey (IHS), 2017",Yes,2014,2013,2018,84,4946960
50,Cuba,4.2,1.722,Cuba,CU,Cuban peso,,Latin America & Caribbean,Upper middle income,CU,1997,,Value added at basic prices (VAB),,,Country uses the 1993 System of National Accounts methodology,,,,,,,2012,"Multiple Indicator Cluster Survey, 2019",,Yes,,1989,2006,86,760478
52,Cayman Islands,,,Cayman Islands,KY,Cayman Islands dollar,,Latin America & Caribbean,High income,KY,2015,,Value added at basic prices (VAB),,,Country uses the 1993 System of National Accounts methodology,,BPM6,,,,,2020 (expected),,,Yes,,,2015,66,2097015
53,Cyprus,2.1,1.343,Cyprus,CY,Euro,"A simple multiplier is used to convert the national currencies of EMU members to euros. The following irrevocable euro conversion rate entered into force on January 1, 2008: 1 euro = 0.585274 Cyprus pounds. Please note that historical data are not actual euros and are not comparable or suitable for aggregation across countries.",Europe & Central Asia,High income,CY,Original chained constant price data are rescaled.,2010,Value added at basic prices (VAB),,Euro area,Country uses the 2008 System of National Accounts methodology,,BPM6,,General trade system,Consolidated central government,Special Data Dissemination Standard (SDDS),2011,,"Income survey (IS), 2015",Yes,2010,2014,2018,83,8015101
54,Czech Republic,2.5,1.57,Czech Republic,CZ,Czech koruna,,Europe & Central Asia,High income,CZ,Original chained constant price data are rescaled.,2015,Value added at basic prices (VAB),,,Country uses the 2008 System of National Accounts methodology,,BPM6,,Special trade system,Consolidated central government,Special Data Dissemination Standard Plus (SDDS Plus),"2011. Population figures compiled from administrative registers in combination with other sources of data, such as sample surveys.","World Health Survey, 2003","Income survey (IS), 2015",Yes,2010,2013,2018,89,3148798
55,Germany,3.2,1.5,Germany,DE,Euro,,Europe & Central Asia,High income,DE,Original chained constant price data are rescaled.,2015,Value added at basic prices (VAB),,Euro area,Country uses the 2008 System of National Accounts methodology,,BPM6,,Special trade system,Consolidated central government,Special Data Dissemination Standard Plus (SDDS Plus),2011. Population figures compiled from administrative registers and sample surveys while data on housing characteristics are collected through full field enumeration.,,"Income survey (IS), 2015",Yes,2010,2014,2018,85,4490774
56,Djibouti,53.5,2.847,Djibouti,DJ,Djibouti franc,,Middle East & North Africa,Lower middle income,DJ,2013,,Value added at basic prices (VAB),IDA,,Country uses the 2008 System of National Accounts methodology,,BPM5 (Converted into BPM6 by IMF),Actual,,,Enhanced General Data Dissemination System (e-GDDS),2020 (expected),"Multiple Indicator Cluster Survey, 2006","Priority survey (PS), 2017",,,,2009,43,7647492
57,Dominica,31.2,,Dominica,DM,East Caribbean dollar,,Latin America & Caribbean,Upper middle income,DM,2006,,Value added at basic prices (VAB),Blend,,Country uses the 1993 System of National Accounts methodology,,BPM6,Actual,,Budgetary central government,Enhanced General Data Dissemination System (e-GDDS),2011,,,Yes,2015,,2012,50,9117543
58,Denmark,3.7,1.71,Denmark,DK,Danish krone,,Europe & Central Asia,High income,DK,Original chained constant price data are rescaled.,2015,Value added at basic prices (VAB),,,Country uses the 2008 System of National Accounts methodology,,BPM6,,General trade system,Consolidated central government,Special Data Dissemination Standard Plus (SDDS Plus),2011. Population figures compiled from administrative registers.,,"Income survey (IS), 2015",Yes,2010,2014,2018,60,7224142
59,Dominican Republic,25.5,2.422,Dominican Republic,DO,Dominican peso,,Latin America & Caribbean,Upper middle income,DO,Original chained constant price data are rescaled.,2007,Value added at basic prices (VAB),IBRD,,Country uses the 2008 System of National Accounts methodology,,BPM6,Actual,General trade system,Consolidated central government,Enhanced General Data Dissemination System (e-GDDS),2020 (expected),"Multiple Indicator Cluster Survey, 2019","Integrated household survey (IHS), 2016",,2015,1984,2017,87,5225302
60,Algeria,21.6,2.776,Algeria,DZ,Algerian dinar,,Middle East & North Africa,Lower middle income,DZ,Original chained constant price data are rescaled.,2012,Value added at basic prices (VAB),IBRD,,Country uses the 1993 System of National Accounts methodology,,BPM6,Actual,Special trade system,Consolidated central government,Enhanced General Data Dissemination System (e-GDDS),2020 (expected),"Multiple Indicator Cluster Survey, 2018/19","Integrated household survey (IHS), 2011",,,2010,2017,37,5123481
66,Ecuador,17.8,2.486,Ecuador,EC,U.S. dollar,,Latin America & Caribbean,Upper middle income,EC,2007,,Value added at basic prices (VAB),IBRD,,Country uses the 2008 System of National Accounts methodology,,BPM6,Actual,Special trade system,,Special Data Dissemination Standard (SDDS),2020 (expected),"Reproductive Health Survey, 2004","Integrated household survey (IHS), 2018",,,2008,2018,49,9761423
69,Eritrea,32.9,4.133,Eritrea,ER,Eritrean nakfa,,Sub-Saharan Africa,Low income,ER,2011,,Value added at basic prices (VAB),IDA,HIPC,Country uses the 1968 System of National Accounts methodology,,BPM5 (Converted into BPM6 by IMF),Estimate,,,,,"Demographic and Health Survey, 2002","Priority survey (PS), 1993",,,2012,2003,46,3330918
70,Spain,2.7,1.33,Spain,ES,Euro,"A simple multiplier is used to convert the national currencies of EMU members to euros. The following irrevocable euro conversion rate was adopted by the EU Council on January 1, 1999: 1 euro = 166.386 Spanish peseta. Please note that historical data before 1999 are not actual euros and are not comparable or suitable for aggregation across countries.",Europe & Central Asia,High income,ES,Original chained constant price data are rescaled.,2015,Value added at basic prices (VAB),,Euro area,Country uses the 2008 System of National Accounts methodology,,BPM6,,Special trade system,Consolidated central government,Special Data Dissemination Standard Plus (SDDS Plus),"2011. Population figures compiled from administrative registers in combination with other sources of data, such as sample surveys.",,"Income survey (IS), 2015",Yes,2009,2014,2018,72,6855499
71,Estonia,2.3,1.58,Estonia,EE,Euro,"The following irrevocable euro conversion rate entered into force on January 1, 2011: 1 euro = 15.6466 Estonian kroon. Please note that historical data are not actual euros and are not comparable or suitable for aggregation across countries.",Europe & Central Asia,High income,EE,Original chained constant price data are rescaled.,2015,Value added at basic prices (VAB),,Euro area,Country uses the 2008 System of National Accounts methodology,1987–95,BPM6,,General trade system,Consolidated central government,Special Data Dissemination Standard (SDDS),"2012. Population figures compiled from administrative registers in combination with other sources of data, such as sample surveys.","World Health Survey, 2003","Income survey (IS), 2015",Yes,2010,2014,2018,36,280240
72,Ethiopia,41.0,4.198,Ethiopia,ET,Ethiopian birr,Fiscal year end: July 7; reporting period for national accounts data: FY.,Sub-Saharan Africa,Low income,ET,2015/2016,,Value added at basic prices (VAB),IDA,HIPC,Country uses the 1993 System of National Accounts methodology,,BPM5 (Converted into BPM6 by IMF),Actual,General trade system,Budgetary central government,Enhanced General Data Dissemination System (e-GDDS),2020 (expected),"Socioeconomic Survey 2018-2019, Interim Demographic and Health Survey, 2019","Expenditure survey/budget survey (ES/BS), 2015/16",,,2014,2016,69,7189399
75,Finland,1.9,1.65,Finland,FI,Euro,"A simple multiplier is used to convert the national currencies of EMU members to euros. The following irrevocable euro conversion rate was adopted by the EU Council on January 1, 1999: 1 euro = 5.94573 Finnish markka. Please note that historical data before 1999 are not actual euros and are not comparable or suitable for aggregation across countries.",Europe & Central Asia,High income,FI,Original chained constant price data are rescaled.,2015,Value added at basic prices (VAB),,Euro area,Country uses the 2008 System of National Accounts methodology,,BPM6,,Special trade system,Consolidated central government,Special Data Dissemination Standard Plus (SDDS Plus),2020 (expected). Population figures compiled from administrative registers.,,"Income survey (IS), 2015",Yes,2010,2014,2018,38,2252410
76,Fiji,18.7,2.516,Fiji,FJ,Fijian dollar,,East Asia & Pacific,Upper middle income,FJ,2014,,Value added at basic prices (VAB),Blend,,Country uses the 2008 System of National Accounts methodology,,BPM6,Actual,General trade system,Budgetary central government,Enhanced General Data Dissemination System (e-GDDS),2017,,"Expenditure survey/budget survey (ES/BS), 2013",Yes,2009,2011,2018,74,4842197
77,France,3.2,1.96,France,FR,Euro,"The following irrevocable euro conversion rate was adopted by the EU Council on January 1, 1999: 1 euro = 6.55957 French franc. Please note that historical data before 1999 are not actual euros and are not comparable or suitable for aggregation across countries.",Europe & Central Asia,High income,FR,Original chained constant price data are rescaled.,2015,Value added at basic prices (VAB),,Euro area,Country uses the 2008 System of National Accounts methodology,,BPM6,,Special trade system,Consolidated central government,Special Data Dissemination Standard Plus (SDDS Plus),2016,,"Income survey (IS), 2015",Yes,2010,2014,2018,87,9504050
78,Faroe Islands,,2.6,Faroe Islands,FO,Danish krone,,Europe & Central Asia,High income,FO,,,,,,,,BPM5 (Converted into BPM6 by IMF),,,,,2011,,,Yes,,,2009,35,6992547
80,Gabon,34.3,3.786,Gabon,GA,Central African CFA franc,,Sub-Saharan Africa,Upper middle income,GA,2001,,Value added at basic prices (VAB),IBRD,,Country uses the 1993 System of National Accounts methodology,1993,BPM5 (Converted into BPM6 by IMF),Actual,,,Enhanced General Data Dissemination System (e-GDDS),2013,"Demographic and Health Survey, 2019/20","Living Standards Measurement Study Survey (LSMS)/Integrated household survey (IHS), 2017",,,1995,2009,44,2023898
81,United Kingdom,3.7,1.8,United Kingdom,GB,Pound sterling,,Europe & Central Asia,High income,GB,Original chained constant price data are rescaled.,2015,Value added at basic prices (VAB),,,Country uses the 2008 System of National Accounts methodology,,BPM6,,General trade system,Consolidated central government,Special Data Dissemination Standard (SDDS),2011,,"Income survey (IS), 2015",Yes,2010,2013,2018,35,8059520
82,Georgia,9.5,1.996,Georgia,GE,Georgian lari,"Includes self-governed areas only, which mostly exclude Abkhazia and South Ossetia, but small areas in Abkhazia and South Ossetia are included before 2008 or 2009 because of the changes in self-governed areas.",Europe & Central Asia,Upper middle income,GE,Original chained constant price data are rescaled.,2015,Value added at basic prices (VAB),IBRD,,Country uses the 2008 System of National Accounts methodology,1990–95,BPM6,Actual,General trade system,Consolidated central government,Special Data Dissemination Standard (SDDS),2014,"Multiple Indicator Cluster Survey, 2018","Integrated household survey (IHS), 2017",Yes,2014,2013,2018,80,1030814
83,Ghana,41.2,3.984,Ghana,GH,New Ghanaian cedi,,Sub-Saharan Africa,Lower middle income,GH,2013,,Value added at basic prices (VAB),IDA,HIPC,Country uses the 2008 System of National Accounts methodology,1973–87,BPM6,Estimate,General trade system,Consolidated central government,Enhanced General Data Dissemination System (e-GDDS),2020 (expected),"Malaria Indicator Survey, 2019","Living Standards Measurement Study Survey (LSMS), 2017",,,2003,2018,55,6604133
84,Gibraltar,,,Gibraltar,GI,Gibraltar pound,,Europe & Central Asia,High income,GI,,,,,,,,,,,,,2012,,,Yes,,,,84,7433904
85,Guinea,58.3,4.855,Guinea,GN,Guinean franc,,Sub-Saharan Africa,Low income,GN,Original chained constant price data are rescaled.,2010,Value added at basic prices (VAB),IDA,HIPC,Country uses the 2008 System of National Accounts methodology,,BPM6,Actual,Special trade system,,Enhanced General Data Dissemination System (e-GDDS),2014,"Malaria Indicator Survey, 2021","Core Welfare Indicator Questionnaire Survey (CWIQ), 2012",,,,2015,35,8824815
87,Guinea-Bissau,57.8,4.633,Guinea-Bissau,GW,West African CFA franc,,Sub-Saharan Africa,Low income,GW,2005,,Value added at basic prices (VAB),IDA,HIPC,Country uses the 1993 System of National Accounts methodology,,BPM6,Actual,,,Enhanced General Data Dissemination System (e-GDDS),2009,"Multiple Indicator Cluster Survey, 2018/19","Core Welfare Indicator Questionnaire Survey (CWIQ), 2010",,,,2005,30,3378791
88,Equatorial Guinea,66.2,4.687,Equatorial Guinea,GQ,Central African CFA franc,,Sub-Saharan Africa,Upper middle income,GQ,2006,,Value added at basic prices (VAB),IBRD,,Country uses the 1993 System of National Accounts methodology,1965–84,BPM5 (Converted into BPM6 by IMF),,,Budgetary central government,Enhanced General Data Dissemination System (e-GDDS),2015,"Demographic and Health Survey, 2011","Priority survey (PS), 2006",,2015,,,86,7519486
89,Greece,3.1,1.33,Greece,GR,Euro,"A simple multiplier is used to convert the national currencies of EMU members to euros. The following irrevocable euro conversion rate was adopted by the EU Council on January 1, 1999: 1 euro = 340.75 Greek drachma. Please note that historical data before 1999 are not actual euros and are not comparable or suitable for aggregation across countries.",Europe & Central Asia,High income,GR,Original chained constant price data are rescaled.,2015,Value added at basic prices (VAB),,Euro area,Country uses the 2008 System of National Accounts methodology,,BPM6,,Special trade system,Consolidated central government,Special Data Dissemination Standard (SDDS),2011,,"Income survey (IS), 2015",Yes,2009,2013,2018,74,2607665
90,Grenada,14.4,2.104,Grenada,GD,East Caribbean dollar,,Latin America & Caribbean,Upper middle income,GD,2006,,Value added at basic prices (VAB),Blend,,Country uses the 1993 System of National Accounts methodology,,BPM6,Actual,,Budgetary central government,Enhanced General Data Dissemination System (e-GDDS),2011,"Reproductive Health Survey, 1985",,Yes,2012,,2009,35,3711747
91,Greenland,,2.0,Greenland,GL,Danish krone,,Europe & Central Asia,High income,GL,,,,,,,,,,General trade system,,,2020 (expected). Population figures compiled from administrative registers.,,,Yes,,,2018,41,2715131
92,Guatemala,23.9,2.973,Guatemala,GT,Guatemalan quetzal,,Latin America & Caribbean,Upper middle income,GT,Original chained constant price data are rescaled.,2013,Value added at basic prices (VAB),IBRD,,Country uses the 2008 System of National Accounts methodology,,BPM6,Actual,Special trade system,Budgetary central government,Enhanced General Data Dissemination System (e-GDDS),2018,"Demographic and Health Survey, 2014/15","Living Standards Measurement Study Survey (LSMS), 2014",Yes,,1988,2017,43,1642879
93,Guam,,2.347,Guam,GU,U.S. dollar,,East Asia & Pacific,High income,GU,2012,,Value added at basic prices (VAB),,,Country uses the 1993 System of National Accounts methodology,,,,,,,2020 (expected),,,Yes,2007,,,85,7602547
94,Guyana,26.9,2.51,Guyana,GY,Guyana dollar,,Latin America & Caribbean,Upper middle income,GY,2012,,Value added at basic prices (VAB),IDA,HIPC,Country uses the 2008 System of National Accounts methodology,,BPM6,Actual,Special trade system,,Enhanced General Data Dissemination System (e-GDDS),2012,"Multiple Indicator Cluster Survey, 2019/20","Integrated household survey (IHS), 1998",,,,2018,58,5776403
96,"Hong Kong SAR, China",,1.205,"Hong Kong SAR, China",HK,Hong Kong dollar,"On 1 July 1997 China resumed its exercise of sovereignty over Hong Kong. Unless otherwise noted, data for China do not include data for Hong Kong SAR, China; Macao SAR, China; or Taiwan, China. Agriculture value added includes mining and quarrying.",East Asia & Pacific,High income,HK,Original chained constant price data are rescaled.,2019,Value added at basic prices (VAB),,,Country uses the 2008 System of National Accounts methodology,,BPM6,,General trade system,,Special Data Dissemination Standard (SDDS),"2016. The population by-censuses for 1986 and 1996 were based on one-in-seven sample of the population, while that for 2006 was based on one-in-ten sample of the population.",,,Yes,,2014,2018,58,1094394
97,Honduras,16.0,2.462,Honduras,HN,Honduran lempira,,Latin America & Caribbean,Lower middle income,HN,2000,,Value added at basic prices (VAB),IDA,HIPC,Country uses the 1993 System of National Accounts methodology,1988–89,BPM5 (Converted into BPM6 by IMF),Actual,Special trade system,Consolidated central government,Enhanced General Data Dissemination System (e-GDDS),2013,"Multiple Indicator Cluster Survey, 2019","Integrated household survey (IHS), 2017",,,1996,2017,45,4405908
99,Croatia,4.0,1.4,Croatia,HR,Croatian kuna,,Europe & Central Asia,High income,HR,Original chained constant price data are rescaled.,2015,Value added at basic prices (VAB),IBRD,,Country uses the 2008 System of National Accounts methodology,,BPM6,,Special trade system,Budgetary central government,Special Data Dissemination Standard (SDDS),2011,"World Health Survey, 2003","Income survey (IS), 2015",Yes,"2010. Economic Census, Natural Resources Census, Livestock Census, Livestock and Aquaculture Census or Sample Agricultural Census.",1996,2018,41,3188758
100,Haiti,50.9,2.919,Haiti,HT,Haitian gourde,Fiscal year end: September 30; reporting period for national accounts data: FY.,Latin America & Caribbean,Lower middle income,HT,2011/12,,Value added at basic prices (VAB),IDA,HIPC,Country uses the 2008 System of National Accounts methodology,1991,BPM5 (Converted into BPM6 by IMF),Actual,,,Enhanced General Data Dissemination System (e-GDDS),2003,"Demographic and Health Survey, 2016/17","Integrated household survey (IHS), 2012",,2008-2009,,,72,3970406
101,Hungary,4.4,1.45,Hungary,HU,Hungarian forint,,Europe & Central Asia,High income,HU,Original chained constant price data are rescaled.,2015,Value added at basic prices (VAB),,,Country uses the 2008 System of National Accounts methodology,,BPM6,,Special trade system,Consolidated central government,Special Data Dissemination Standard (SDDS),2011,"World Health Survey, 2003","Income survey (IS), 2014",Yes,2010,2013,2018,64,4375186
106,Indonesia,22.2,2.363,Indonesia,ID,Indonesian rupiah,Fiscal year end: March 31; reporting period for national accounts data: CY. Data for Indonesia include Timor-Leste through 1999 unless otherwise noted.,East Asia & Pacific,Lower middle income,ID,2010,,Value added at basic prices (VAB),IBRD,,Country uses the 2008 System of National Accounts methodology,,BPM6,Actual,General trade system,Consolidated central government,Special Data Dissemination Standard (SDDS),2020 (expected),"Demographic and Health Survey, 2017; Indonesia Young Adult Reproductive Health Survey , 2017","Integrated household survey (IHS), 2017",,2013,2013,2018,56,7891878
108,Isle of Man,,,Isle of Man,IM,Pound sterling,"Fiscal year end: March 31; reporting period for national account data: FY. Classification for years after 2012 was adjusted and figures were re-estimated by the World Bank, based on the detailed data published by the Cabinet Office, and are not consistent with data for 2011 and before.",Europe & Central Asia,High income,IM,Original chained constant price data are rescaled.,2015,Value added at basic prices (VAB),,,Country uses the 2008 System of National Accounts methodology,,,,,,,2016,,,Yes,,,,80,2389123
109,India,34.6,2.326,India,IN,Indian rupee,Fiscal year end: March 31; reporting period for national accounts data: FY.,South Asia,Lower middle income,IN,2011/12,,Value added at basic prices (VAB),IBRD,,Country uses the 2008 System of National Accounts methodology,,BPM6,Actual,General trade system,Consolidated central government,Special Data Dissemination Standard (SDDS),2011,"Demographic and Health Survey, 2019/20","Integrated household survey (IHS), 2011/12",,2010-2011,2014,2018,77,9573584
110,Ireland,3.0,1.92,Ireland,IE,Euro,"A simple multiplier is used to convert the national currencies of EMU members to euros. The following irrevocable euro conversion rate was adopted by the EU Council on January 1, 1999: 1 euro = 0.787564 Irish pound. Please note that historical data before 1999 are not actual euros and are not comparable or suitable for aggregation across countries.",Europe & Central Asia,High income,IE,Original chained constant price data are rescaled.,2015,Value added at basic prices (VAB),,Euro area,Country uses the 2008 System of National Accounts methodology,,BPM6,,General trade system,Consolidated central government,Special Data Dissemination Standard (SDDS),2016,,"Income survey (IS), 2015",Yes,2010,2012,2018,88,7929992
112,Iraq,25.9,4.37,Iraq,IQ,Iraqi dinar,,Middle East & North Africa,Upper middle income,IQ,2007,,Value added at producer prices (VAP),IBRD,,Country uses the 1968 System of National Accounts methodology,"1997, 2004",BPM6,,Special trade system,Budgetary central government,Enhanced General Data Dissemination System (e-GDDS),1997,"Multiple Indicator Cluster Survey, 2018","Integrated household survey (IHS), 2012",,2011-2012,2011,2014,87,7309091
113,Iceland,1.6,1.8,Iceland,IS,Iceland krona,,Europe & Central Asia,High income,IS,Original chained constant price data are rescaled.,2015,Value added at basic prices (VAB),,,Country uses the 2008 System of National Accounts methodology,,BPM6,,Special trade system,Consolidated central government,Special Data Dissemination Standard (SDDS),"2011. Population figures compiled from administrative registers in combination with other sources of data, such as sample surveys.",,"Income survey (IS), 2014",Yes,2010,2005,2018,35,586759
114,Israel,2.9,3.11,Israel,IL,Israeli new shekel,,Middle East & North Africa,High income,IL,Original chained constant price data are rescaled.,2015,Value added at basic prices (VAB),,,Country uses the 2008 System of National Accounts methodology,,BPM6,,Special trade system,Consolidated central government,Special Data Dissemination Standard (SDDS),"2020 (expected). Population figures compiled from administrative registers in combination with other sources of data, such as sample surveys.",,"Expenditure survey/budget survey (ES/BS), 2012",Yes,,2014,2018,81,3890904
115,Italy,2.8,1.35,Italy,IT,Euro,"A simple multiplier is used to convert the national currencies of EMU members to euros. The following irrevocable euro conversion rate was adopted by the EU Council on January 1, 1999: 1 euro = 1936.27 Italian lira. Please note that historical data before 1999 are not actual euros and are not comparable or suitable for aggregation across countries.",Europe & Central Asia,High income,IT,Original chained constant price data are rescaled.,2015,Value added at basic prices (VAB),,Euro area,Country uses the 2008 System of National Accounts methodology,,BPM6,,Special trade system,Consolidated central government,Special Data Dissemination Standard Plus (SDDS Plus),"2012. Population figures compiled from administrative registers in combination with other sources of data, such as sample surveys.",,"Income survey (IS), 2015",Yes,2010,2014,2018,37,3787074
116,Jamaica,13.2,2.009,Jamaica,JM,Jamaican dollar,,Latin America & Caribbean,Upper middle income,JM,2007,,Value added at basic prices (VAB),IBRD,,Country uses the 1993 System of National Accounts methodology,,BPM6,Actual,Special trade system,Budgetary central government,Enhanced General Data Dissemination System (e-GDDS),2011,"Multiple Indicator Cluster Survey, 2011","Living Standards Measurement Study Survey (LSMS), 2012",,2007,1996,2017,63,8602820
117,Jordan,15.1,3.378,Jordan,JO,Jordanian dinar,,Middle East & North Africa,Upper middle income,JO,2016,,Value added at basic prices (VAB),IBRD,,Country uses the 2008 System of National Accounts methodology,,BPM6,Actual,Special trade system,Budgetary central government,Special Data Dissemination Standard (SDDS),2015,"Demographic and Health Survey, 2017/18","Expenditure survey/budget survey (ES/BS), 2010",,2007,2013,2018,40,3131327
118,Japan,2.0,1.44,Japan,JP,Japanese yen,Fiscal year end: March 31; reporting period for national accounts data: CY.,East Asia & Pacific,High income,JP,Original chained constant price data are rescaled.,2015,Value added at basic prices (VAB),,,Country uses the 2008 System of National Accounts methodology,,BPM6,,General trade system,Consolidated central government,Special Data Dissemination Standard Plus (SDDS Plus),2020 (expected),,"Integrated household survey (IHS), 2008",Yes,2010,2012,2018,88,3152342
119,Kazakhstan,10.1,2.73,Kazakhstan,KZ,Kazakh tenge,,Europe & Central Asia,Upper middle income,KZ,Original chained constant price data are rescaled.,2005,Value added at basic prices (VAB),IBRD,,Country uses the 1993 System of National Accounts methodology,1987–95,BPM6,Actual,General trade system,Consolidated central government,Special Data Dissemination Standard (SDDS),2020 (expected),"Multiple Indicator Cluster Survey, 2015","Expenditure survey/budget survey (ES/BS), 2017",,2006-2007,2013,2018,32,3549011
120,Kenya,35.6,3.852,Kenya,KE,Kenyan shilling,Fiscal year end: June 30; reporting period for national accounts data: CY.,Sub-Saharan Africa,Lower middle income,KE,2016,,Value added at basic prices (VAB),Blend,,Country uses the 2008 System of National Accounts methodology,,BPM6,Actual,General trade system,Consolidated central government,Enhanced General Data Dissemination System (e-GDDS),2009,"Malaria Indicator Survey, 2020","Integrated household survey (IHS), 2015/16",,,2013,2018,81,2675761
121,Kyrgyz Republic,18.8,3.1,Kyrgyz Republic,KG,Kyrgyz som,,Europe & Central Asia,Lower middle income,KG,Original chained constant price data are rescaled.,2010,Value added at basic prices (VAB),IDA,HIPC,Country uses the 1993 System of National Accounts methodology,1990–95,BPM6,Actual,General trade system,Consolidated central government,Special Data Dissemination Standard (SDDS),2020 (expected),"Multiple Indicator Cluster Survey, 2018","Integrated household survey (IHS), 2015",Yes,,2012,2018,35,6078290
122,Cambodia,26.3,2.56,Cambodia,KH,Cambodian riel,,East Asia & Pacific,Lower middle income,KH,2000,,Value added at basic prices (VAB),IDA,,Country uses the 1993 System of National Accounts methodology,,BPM6,Actual,General trade system,Budgetary central government,Enhanced General Data Dissemination System (e-GDDS),2019,"Demographic and Health Survey, 2020","Integrated household survey (IHS), 2012",,2013,2000,2016,82,9063008
123,Kiribati,42.4,3.651,Kiribati,KI,Australian dollar,,East Asia & Pacific,Lower middle income,KI,2006,,Value added at basic prices (VAB),IDA,,Country uses the 1993 System of National Accounts methodology,,BPM6,,Special trade system,Consolidated central government,Enhanced General Data Dissemination System (e-GDDS),2015,"Multiple Indicator Cluster Survey, 2018/19","Expenditure survey/budget survey (ES/BS), 2006",,,,2016,87,6648225
124,St. Kitts and Nevis,7.6,,St. Kitts and Nevis,KN,East Caribbean dollar,,Latin America & Caribbean,High income,KN,2006,,Value added at basic prices (VAB),IBRD,,Country uses the 2008 System of National Accounts methodology,,BPM6,,Special trade system,Budgetary central government,Enhanced General Data Dissemination System (e-GDDS),2011,,,Yes,,,2017,71,3708588
126,Kuwait,7.2,1.97,Kuwait,KW,Kuwaiti dinar,,Middle East & North Africa,High income,KW,2010,,Value added at basic prices (VAB),,,Country uses the 1993 System of National Accounts methodology,,BPM6,,Special trade system,Consolidated central government,Enhanced General Data Dissemination System (e-GDDS),2020 (expected),"Family Health Survey, 1996",,Yes,,2013,2018,76,9281851
128,Lao PDR,48.9,2.698,Lao PDR,LA,Lao kip,,East Asia & Pacific,Lower middle income,LA,2012,,Value added at basic prices (VAB),IDA,,Country uses the 2008 System of National Accounts methodology,,BPM6,Estimate,General trade system,Budgetary central government,Enhanced General Data Dissemination System (e-GDDS),2015,"Multiple Indicator Cluster Survey, 2017","Expenditure survey/budget survey (ES/BS), 2012",,2010-2011,1999,2016,69,3926129
129,Lebanon,6.9,1.719,Lebanon,LB,Lebanese pound,,Middle East & North Africa,Upper middle income,LB,2010,,Value added at basic prices (VAB),IBRD,,Country uses the 2008 System of National Accounts methodology,,BPM5 (Converted into BPM6 by IMF),Actual,General trade system,Budgetary central government,Enhanced General Data Dissemination System (e-GDDS),1943,"Family Health Survey, 2004","Expenditure survey/budget survey (ES/BS), 2011/12",Yes,2010,2007,2018,33,6651923
130,Liberia,51.2,4.581,Liberia,LR,U.S. dollar,,Sub-Saharan Africa,Low income,LR,2016,,Value added at producer prices (VAP),IDA,HIPC,Country uses the 2008 System of National Accounts methodology,,BPM6,Actual,,Consolidated central government,Enhanced General Data Dissemination System (e-GDDS),2020 (expected),"Demographic and Health Survey, 2019/20","Expenditure survey/budget survey (ES/BS), 2014",,,,,59,4025968
131,Libya,11.0,2.274,Libya,LY,Libyan dinar,,Middle East & North Africa,Upper middle income,LY,2003,,Value added at basic prices (VAB),IBRD,,Country uses the 1993 System of National Accounts methodology,1986,BPM6,,,,Enhanced General Data Dissemination System (e-GDDS),2006,"STEPS Risk Factor Survey, 2010",,,,1980,2010,48,9522686
132,St. Lucia,11.8,1.459,St. Lucia,LC,East Caribbean dollar,,Latin America & Caribbean,Upper middle income,LC,2018,,Value added at basic prices (VAB),Blend,,Country uses the 2008 System of National Accounts methodology,,BPM6,Actual,General trade system,Budgetary central government,Enhanced General Data Dissemination System (e-GDDS),2020 (expected),"Multiple Indicator Cluster Survey, 2012","Expenditure survey/budget survey (ES/BS), 2016",Yes,2007,1997,2017,80,1965968
136,Liechtenstein,,1.4,Liechtenstein,LI,Swiss franc,,Europe & Central Asia,High income,LI,1998,,Value added at basic prices (VAB),,,Country uses the 2008 System of National Accounts methodology,,,,Special trade system,,,"2020 (expected). Population figures compiled from administrative registers in combination with other sources of data, such as sample surveys.",,,Yes,,,,78,2475230
137,Sri Lanka,8.0,2.046,Sri Lanka,LK,Sri Lankan rupee,,South Asia,Lower middle income,LK,2010,,Value added at basic prices (VAB),IBRD,,Country uses the 2008 System of National Accounts methodology,,BPM6,Actual,General trade system,Budgetary central government,Special Data Dissemination Standard (SDDS),2012,"Demographic and Health Survey, 2006/07","Expenditure survey/budget survey (ES/BS), 2016",Yes,2013-2014,2012,2017,71,7675306
140,Lesotho,72.4,3.094,Lesotho,LS,Lesotho loti,Fiscal year end: March 31; reporting period for national accounts data: CY.,Sub-Saharan Africa,Lower middle income,LS,2012,,Value added at basic prices (VAB),IDA,,Country uses the 2008 System of National Accounts methodology,,BPM6,Actual,General trade system,Budgetary central government,Enhanced General Data Dissemination System (e-GDDS),2016,"Multiple Indicator Cluster Survey, 2018","Expenditure survey/budget survey (ES/BS), 2010",,2010,1985,2017,72,4820197
142,Lithuania,4.3,1.7,Lithuania,LT,Euro,"A simple multiplier is used to convert the national currencies of EMU members to euros. The following irrevocable euro conversion rate entered into force on January 1, 2015: 1 euro = 3.45280 Lithuanian litas. Please note that historical data are not actual euros and are not comparable or suitable for aggregation across countries. Based on data from EUROSTAT, the new reference year is 2010.",Europe & Central Asia,High income,LT,Original chained constant price data are rescaled.,2015,Value added at basic prices (VAB),,Euro area,Country uses the 2008 System of National Accounts methodology,1990–95,BPM6,,Special trade system,Consolidated central government,Special Data Dissemination Standard Plus (SDDS Plus),"2020 (expected). Population figures compiled from administrative registers in combination with other sources of data, such as sample surveys.",,"Income survey (IS), 2015",Yes,2010,2014,2018,41,1864893
143,Luxembourg,2.0,1.47,Luxembourg,LU,Euro,"A simple multiplier is used to convert the national currencies of EMU members to euros. The following irrevocable euro conversion rate was adopted by the EU Council on January 1, 1999: 1 euro = 40.3399 Luxembourg franc. Please note that historical data before 1999 are not actual euros and are not comparable or suitable for aggregation across countries.",Europe & Central Asia,High income,LU,Original chained constant price data are rescaled.,2015,Value added at basic prices (VAB),,Euro area,Country uses the 2008 System of National Accounts methodology,,BPM6,,Special trade system,Consolidated central government,Special Data Dissemination Standard Plus (SDDS Plus),2011,,"Income survey (IS), 2015",Yes,2010,2013,2018,60,4179417
144,Latvia,3.9,1.7,Latvia,LV,Euro,"A simple multiplier is used to convert the national currencies of EMU members to euros. The following irrevocable euro conversion rate entered into force on January 1, 2014: 1 euro = 0.702804 Latvian lats. Please note that historical data are not actual euros and are not comparable or suitable for aggregation across countries. Based on data from EUROSTAT, the new reference year is 2010.",Europe & Central Asia,High income,LV,Original chained constant price data are rescaled.,2015,Value added at basic prices (VAB),,Euro area,Country uses the 2008 System of National Accounts methodology,1987–95,BPM6,,Special trade system,Consolidated central government,Special Data Dissemination Standard Plus (SDDS Plus),"2011. Population figures compiled from administrative registers in combination with other sources of data, such as sample surveys.","World Health Survey, 2003","Income survey (IS), 2015",Yes,2010,2013,2018,67,1969418
145,"Macao SAR, China",,1.311,"Macao SAR, China",MO,Macao pataca,"On 20 December 1999 China resumed its exercise of sovereignty over Macao. Unless otherwise noted, data for China do not include data for Hong Kong SAR, China; Macao SAR, China; or Taiwan, China.",East Asia & Pacific,High income,MO,Original chained constant price data are rescaled.,2019,Value added at producer prices (VAP),,,Country uses the 2008 System of National Accounts methodology,,BPM6,,General trade system,Consolidated central government,Enhanced General Data Dissemination System (e-GDDS),2016,,,Yes,,2013,2016,83,4642486
146,St. Martin (French part),,1.81,St. Martin (French part),MF,Euro,,Latin America & Caribbean,High income,MF,,,,,,,,,,,,,2015,,,Yes,,,,81,3215562
147,Morocco,23.3,2.491,Morocco,MA,Moroccan dirham,,Middle East & North Africa,Lower middle income,MA,2007,,Value added at basic prices (VAB),IBRD,,Country uses the 2008 System of National Accounts methodology,,BPM6,Actual,Special trade system,Budgetary central government,Special Data Dissemination Standard (SDDS),2014,"Morocco National Survey on Population and Family Health, 2010/11","Expenditure survey/budget survey (ES/BS), 2013",,,2013,2018,56,7555337
148,Monaco,2.8,,Monaco,MC,Euro,,Europe & Central Asia,High income,MC,Original chained constant price data are rescaled.,2010,,,,Country uses the 1993 System of National Accounts methodology,,,,,,,2016. Population figures compiled from administrative registers.,,,Yes,,,,59,9516052
149,Moldova,13.7,1.241,Moldova,MD,Moldovan leu,"Excluding Transnistria. For 1950-94, World Bank estimates using UN World Population Prospects' growth rates of whole Moldova.",Europe & Central Asia,Upper middle income,MD,Original chained constant price data are rescaled.,2010,Value added at basic prices (VAB),IBRD,,Country uses the 2008 System of National Accounts methodology,1990–95,BPM6,Actual,General trade system,Consolidated central government,Special Data Dissemination Standard (SDDS),2014,"Multiple Indicator Cluster Survey, 2012","Expenditure survey/budget survey (ES/BS), 2017",Yes,2011,2012,2018,37,7437436
150,Madagascar,34.0,4.184,Madagascar,MG,Malagasy ariary,,Sub-Saharan Africa,Low income,MG,2007,,Value added at basic prices (VAB),IDA,HIPC,Country uses the 1993 System of National Accounts methodology,,BPM6,Actual,General trade system,Budgetary central government,Enhanced General Data Dissemination System (e-GDDS),2018,"Demographic and Health Survey, 2021","Priority survey (PS), 2012",,,2006,2018,79,6836446
151,Maldives,7.3,2.093,Maldives,MV,Maldivian rufiyaa,,South Asia,Upper middle income,MV,2014,,Value added at basic prices (VAB),IDA,,Country uses the 1993 System of National Accounts methodology,,BPM6,Actual,General trade system,Consolidated central government,Enhanced General Data Dissemination System (e-GDDS),2014,"Demographic and Health Survey, 2016/17","Integrated household survey (IHS), 2009/10",Yes,,,2018,65,6253047
153,Mexico,12.6,2.184,Mexico,MX,Mexican peso,,Latin America & Caribbean,Upper middle income,MX,2013,,Value added at basic prices (VAB),IBRD,,Country uses the 2008 System of National Accounts methodology,,BPM6,Actual,General trade system,Consolidated central government,Special Data Dissemination Standard (SDDS),2020 (expected),"Multiple Indicator Cluster Survey, 2015","Integrated household survey (IHS), 2016",Yes,2007,2013,2018,40,1046358
154,Marshall Islands,29.1,,Marshall Islands,MH,U.S. dollar,Fiscal year ends on September 30; reporting period for national accounts data: FY.,East Asia & Pacific,Upper middle income,MH,2014/15,,Value added at basic prices (VAB),IDA,,Country uses the 1993 System of National Accounts methodology,,BPM6,,,Budgetary central government,Enhanced General Data Dissemination System (e-GDDS),2020 (expected),"Republic of the Marshall Islands Demographic and Health Survey, 2007",,,,,,88,1708898
157,Mali,68.0,6.057,Mali,ML,West African CFA franc,,Sub-Saharan Africa,Low income,ML,1999,,Value added at basic prices (VAB),IDA,HIPC,Country uses the 1993 System of National Accounts methodology,,BPM6,Actual,General trade system,Budgetary central government,Enhanced General Data Dissemination System (e-GDDS),2020 (expected),"Demographic and Health Survey, 2018","Integrated household survey (IHS), 2009/10",,,,2017,64,5727008
158,Malta,5.9,1.45,Malta,MT,Euro,"A simple multiplier is used to convert the national currencies of EMU members to euros. The following irrevocable euro conversion rate entered into force on January 1, 2008: 1 euro = 0.4293 Maltese lira. Please note that historical data are not actual euros and are not comparable or suitable for aggregation across countries. National accounts data source from 1995 to 2015 is Eurostat; prior to 1995 is UN. The new reference year is 2010.",Middle East & North Africa,High income,MT,Original chained constant price data are rescaled.,2015,Value added at basic prices (VAB),,Euro area,Country uses the 2008 System of National Accounts methodology,,BPM6,,General trade system,Consolidated central government,Special Data Dissemination Standard (SDDS),2011,,"Income survey (IS), 2015",Yes,2010,2009,2018,79,3855615
159,Myanmar,40.1,2.207,Myanmar,MM,Myanmar kyat,Fiscal year end: September 30; reporting period for national accounts data: FY.,East Asia & Pacific,Lower middle income,MM,2016,,Value added at producer prices (VAP),IDA,,Country uses the 1968 System of National Accounts methodology,,BPM6,Actual,General trade system,Consolidated central government,Enhanced General Data Dissemination System (e-GDDS),2014,"Demographic and Health Survey, 2015/16","Integrated household survey (IHS), 2015",,2010,,2018,72,3435392
161,Montenegro,3.5,1.667,Montenegro,ME,Euro,"Montenegro declared independence from Serbia and Montenegro on June 3, 2006. Where available, data for each country are shown separately. However, for Serbia, some indicators continue to include data for Montenegro through 2005.",Europe & Central Asia,Upper middle income,ME,Original chained constant price data are rescaled.,2010,Value added at basic prices (VAB),IBRD,,Country uses the 2008 System of National Accounts methodology,,BPM6,Actual,Special trade system,,Enhanced General Data Dissemination System (e-GDDS),2011,"Multiple Indicator Cluster Survey, 2018","Expenditure survey/budget survey (ES/BS), 2014",Yes,2010,,2018,77,1212208
162,Mongolia,15.4,2.757,Mongolia,MN,Mongolian tugrik,,East Asia & Pacific,Lower middle income,MN,2015,,Value added at basic prices (VAB),IBRD,,Country uses the 2008 System of National Accounts methodology,,BPM6,Actual,General trade system,Consolidated central government,Special Data Dissemination Standard (SDDS),2020,"Multiple Indicator Cluster Survey, 2018","Integrated household survey (IHS), 2016",Yes,2011,2011,2018,39,6263875
163,Northern Mariana Islands,,,Northern Mariana Islands,MP,U.S. dollar,,East Asia & Pacific,High income,MP,2012,,,,,Country uses the 1968 System of National Accounts methodology,,,,,,,2020 (expected),,,Yes,2007,,,88,4359561
164,Mozambique,53.1,5.243,Mozambique,MZ,New Mozambican metical,,Sub-Saharan Africa,Low income,MZ,2014,,Value added at basic prices (VAB),IDA,HIPC,Country uses the 2008 System of National Accounts methodology,1992–95,BPM6,Actual,General trade system,Budgetary central government,Enhanced General Data Dissemination System (e-GDDS),2017,"Malaria Indicator Survey, 2018","Expenditure survey/budget survey (ES/BS), 2014",,2009-2010,1973,2018,55,5902966
165,Mauritania,54.4,4.674,Mauritania,MR,Mauritanian ouguiya,National account data were adjusted to reflect the new banknote (1 new ouguiya = 10 old ouguiya),Sub-Saharan Africa,Lower middle income,MR,2014,,Value added at basic prices (VAB),IDA,HIPC,Country uses the 2008 System of National Accounts methodology,,BPM6,Actual,General trade system,,Enhanced General Data Dissemination System (e-GDDS),2013,"Demographic and Health Survey, 2019/20","Integrated household survey (IHS), 2014",,,,2017,71,5058162
166,Mauritius,12.2,1.4,Mauritius,MU,Mauritian rupee,,Sub-Saharan Africa,Upper middle income,MU,2006,,Value added at basic prices (VAB),IBRD,,Country uses the 2008 System of National Accounts methodology,,BPM6,Actual,General trade system,Consolidated central government,Special Data Dissemination Standard (SDDS),2020 (expected),"World Health Survey, 2003","Integrated household survey (IHS), 2012",Yes,2014,2012,2018,55,6709662
167,Malawi,38.9,4.571,Malawi,MW,Malawi kwacha,,Sub-Saharan Africa,Low income,MW,2017,,Value added at basic prices (VAB),IDA,HIPC,Country uses the 2008 System of National Accounts methodology,,BPM6,Actual,General trade system,Budgetary central government,Enhanced General Data Dissemination System (e-GDDS),2018,"Fifth Integrated Household Survey 2019-2020; Multiple Indicator Cluster Survey, 2019/20","Integrated household survey (IHS), 2016",,2006-2007,2012,2017,60,8953060
168,Malaysia,7.1,2.037,Malaysia,MY,Malaysian ringgit,,East Asia & Pacific,Upper middle income,MY,2015,,Value added at basic prices (VAB),IBRD,,Country uses the 2008 System of National Accounts methodology,,BPM6,,General trade system,Budgetary central government,Special Data Dissemination Standard (SDDS),2020 (expected),"World Health Survey, 2003","Income survey (IS), 2015",Yes,"2015. Economic Census, Natural Resources Census, Livestock Census, Livestock and Aquaculture Census or Sample Agricultural Census.",2012,2018,56,4142028
170,Namibia,32.3,3.415,Namibia,,Namibian dollar,Fiscal year end: March 31; reporting period for national accounts data: CY.,Sub-Saharan Africa,Upper middle income,,2015,,Value added at basic prices (VAB),IBRD,,Country uses the 2008 System of National Accounts methodology,,BPM6,,General trade system,Budgetary central government,Enhanced General Data Dissemination System (e-GDDS),2011,"Demographic and Health Survey, 2013","Expenditure survey/budget survey (ES/BS), 2015",,2013-2014,2013,2018,30,2009524
171,New Caledonia,,2.08,New Caledonia,NC,CFP franc,,East Asia & Pacific,High income,NC,1990,,Value added at producer prices (VAP),,,Country uses the 1993 System of National Accounts methodology,,BPM6,,General trade system,,,2019,,,Yes,,,2015,41,9128972
172,Niger,50.9,7.239,Niger,NE,West African CFA franc,,Sub-Saharan Africa,Low income,NE,2015,,Value added at basic prices (VAB),IDA,HIPC,Country uses the 2008 System of National Accounts methodology,1993,BPM6,Actual,General trade system,,Enhanced General Data Dissemination System (e-GDDS),2012,"Demographic and Health Survey, 2017","Core Welfare Indicator Questionnaire Survey (CWIQ)/Priority survey (PS), 2014",,2004-2008,2002,2016,49,1816317
173,Nigeria,66.9,5.526,Nigeria,NG,Nigerian naira,,Sub-Saharan Africa,Lower middle income,NG,2010,,Value added at basic prices (VAB),Blend,,Country uses the 2008 System of National Accounts methodology,1971–98,BPM6,Actual,General trade system,Budgetary central government,Enhanced General Data Dissemination System (e-GDDS),2020 (expected),"Living Standards Survey 2018-2019; General Household Survey, Panel 2018-2019","Integrated household survey (IHS), 2009/10",,"2007. Economic Census, Natural Resources Census, Livestock Census, Livestock and Aquaculture Census or Sample Agricultural Census.",1996,2018,79,327220
174,Nicaragua,16.8,2.2,Nicaragua,NI,Nicaraguan gold cordoba,,Latin America & Caribbean,Lower middle income,NI,Original chained constant price data are rescaled.,2006,Value added at basic prices (VAB),IDA,HIPC,Country uses the 2008 System of National Accounts methodology,1965–95,BPM6,Actual,General trade system,Budgetary central government,Enhanced General Data Dissemination System (e-GDDS),2020 (expected),"Reproductive Health Survey, 2006/2007","Living Standards Measurement Study Survey (LSMS), 2016",,2011,1985,2018,43,1705465
175,Netherlands,3.2,1.66,Netherlands,NL,Euro,"A simple multiplier is used to convert the national currencies of EMU members to euros. The following irrevocable euro conversion rate was adopted by the EU Council on January 1, 1999: 1 euro = 2.20371 Netherlands guilder. Please note that historical data before 1999 are not actual euros and are not comparable or suitable for aggregation across countries.",Europe & Central Asia,High income,NL,Original chained constant price data are rescaled.,2015,Value added at basic prices (VAB),,Euro area,Country uses the 2008 System of National Accounts methodology,,BPM6,,Special trade system,Consolidated central government,Special Data Dissemination Standard Plus (SDDS Plus),"2011. Population figures compiled from administrative registers in combination with other sources of data, such as sample surveys.",,"Income survey (IS), 2015",Yes,2010,2014,2018,73,3272980
176,Norway,2.1,1.72,Norway,NO,Norwegian krone,,Europe & Central Asia,High income,NO,Original chained constant price data are rescaled.,2015,Value added at basic prices (VAB),,,Country uses the 2008 System of National Accounts methodology,,BPM6,,General trade system,Consolidated central government,Special Data Dissemination Standard (SDDS),2011. Population figures compiled from administrative registers.,,"Income survey (IS), 2014",Yes,2010,2014,2018,68,4002190
177,Nepal,28.4,2.118,Nepal,NP,Nepalese rupee,Fiscal year end: July 14; reporting period for national accounts data: FY.,South Asia,Lower middle income,NP,2010/11,,Value added at basic prices (VAB),IDA,,Country uses the 1993 System of National Accounts methodology,,BPM5 (Converted into BPM6 by IMF),Actual,General trade system,Budgetary central government,Enhanced General Data Dissemination System (e-GDDS),2011,"Multiple Indicator Cluster Survey, 2019","Living Standards Measurement Study Survey (LSMS), 2010/11",,2011-2012,2011,2017,52,4435749
178,Nauru,28.5,,Nauru,NR,Australian dollar,Fiscal year end: June 30; reporting period for national accounts data: FY.,East Asia & Pacific,High income,NR,2007,,Value added at basic prices (VAB),IBRD,,Country uses the 1993 System of National Accounts methodology,,BPM6,,,,,2011,"Nauru Demographic and Health Survey, 2007",,Yes,,,,51,8983025
179,New Zealand,4.5,1.87,New Zealand,NZ,New Zealand dollar,Fiscal year end: March 31; reporting period for national accounts data: CY.,East Asia & Pacific,High income,NZ,Original chained constant price data are rescaled.,2015,Value added at basic prices (VAB),,,Country uses the 2008 System of National Accounts methodology,,BPM6,,General trade system,,,2018,,,Yes,2012,2012,2018,51,2451435
181,Oman,9.2,2.666,Oman,OM,Omani rial,,Middle East & North Africa,High income,OM,2010,,Value added at basic prices (VAB),,,Country uses the 1993 System of National Accounts methodology,,BPM5 (Converted into BPM6 by IMF),,General trade system,Budgetary central government,Enhanced General Data Dissemination System (e-GDDS),2020 (expected),"Multiple Indicator Cluster Survey, 2014",,,2012-2013,2014,2018,72,2720920
183,Pakistan,64.2,3.481,Pakistan,PK,Pakistani rupee,Fiscal year end: June 30; reporting period for national accounts data: FY.,South Asia,Lower middle income,PK,2005/06,,Value added at basic prices (VAB),Blend,,Country uses the 2008 System of National Accounts methodology,,BPM6,Actual,General trade system,Budgetary central government,Enhanced General Data Dissemination System (e-GDDS),2017,"Pakistan Maternal Mortality Survey
Other Data , 2019","Integrated household survey (IHS), 2014/15",,2010,2006,2018,36,6311130
184,Panama,14.1,2.514,Panama,PA,Panamanian balboa,,Latin America & Caribbean,Upper middle income,PA,Original chained constant price data are rescaled.,2007,Value added at basic prices (VAB),IBRD,,Country uses the 1993 System of National Accounts methodology,,BPM6,Actual,Special trade system,,Enhanced General Data Dissemination System (e-GDDS),2020 (expected),"Multiple Indicator Cluster Survey, 2013","Integrated household survey (IHS), 2016",Yes,2011,2001,2016,37,6083013
185,Peru,11.9,2.4,Peru,PE,Peruvian new sol,,Latin America & Caribbean,Upper middle income,PE,2007,,Value added at basic prices (VAB),IBRD,,Country uses the 2008 System of National Accounts methodology,1985–90,BPM5 (Converted into BPM6 by IMF),Actual,Special trade system,Consolidated central government,Special Data Dissemination Standard (SDDS),2017,"Continuous Demographic and Health Survey, 2014","Integrated household survey (IHS), 2017",,2012,2011,2018,76,3965606
186,Philippines,21.5,2.925,Philippines,PH,Philippine peso,,East Asia & Pacific,Lower middle income,PH,2018,,Value added at producer prices (VAP),IBRD,,Country uses the 2008 System of National Accounts methodology,,BPM6,Actual,General trade system,Budgetary central government,Special Data Dissemination Standard (SDDS),2020 (expected),"Demographic and Health Survey, 2017","Expenditure survey/budget survey (ES/BS), 2015",Yes,2012,2012,2018,45,7359443
187,Palau,13.7,,Palau,PW,U.S. dollar,Fiscal year ends on September 30; reporting period for national accounts data: FY.,East Asia & Pacific,High income,PW,2019,,Value added at basic prices (VAB),IBRD,,Country uses the 1993 System of National Accounts methodology,,BPM6,,General trade system,Budgetary central government,Enhanced General Data Dissemination System (e-GDDS),2015,,"Expenditure survey/budget survey (ES/BS), 2006",Yes,,,2018,88,4024111
188,Papua New Guinea,42.4,3.658,Papua New Guinea,PG,Papua New Guinea kina,,East Asia & Pacific,Lower middle income,PG,2013,,Value added at basic prices (VAB),Blend,,Country uses the 1993 System of National Accounts methodology,1989,BPM5 (Converted into BPM6 by IMF),Actual,,Budgetary central government,Enhanced General Data Dissemination System (e-GDDS),2020 (expected),"Demographic and Health Survey, 2016/18","Integrated household survey (IHS), 2009/10",,,1987,2012,57,389392
189,Poland,4.0,1.32,Poland,PL,Polish zloty,,Europe & Central Asia,High income,PL,Original chained constant price data are rescaled.,2015,Value added at basic prices (VAB),IBRD,,Country uses the 2008 System of National Accounts methodology,,BPM6,,Special trade system,Consolidated central government,Special Data Dissemination Standard (SDDS),"2011. Population figures compiled from administrative registers in combination with other sources of data, such as sample surveys.",,"Expenditure survey/budget survey (ES/BS), 2016",Yes,2010,2013,2018,42,3481157
191,Puerto Rico,,1.3,Puerto Rico,PR,U.S. dollar,Fiscal year end: June 30; reporting period for national accounts data: FY.,Latin America & Caribbean,High income,PR,1953/54,,Value added at producer prices (VAP),,,Country uses the 1968 System of National Accounts methodology,,,,General trade system,,,2020 (expected),"Reproductive Health Survey, 1995/96",,Yes,2012,2006,,46,3944175
193,Portugal,2.9,1.31,Portugal,PT,Euro,"A simple multiplier is used to convert the national currencies of EMU members to euros. The following irrevocable euro conversion rate was adopted by the EU Council on January 1, 1999: 1 euro = 200.482 Portuguese escudo. Please note that historical data before 1999 are not actual euros and are not comparable or suitable for aggregation across countries.",Europe & Central Asia,High income,PT,Original chained constant price data are rescaled.,2015,Value added at basic prices (VAB),,Euro area,Country uses the 2008 System of National Accounts methodology,,BPM6,,Special trade system,Consolidated central government,Special Data Dissemination Standard Plus (SDDS Plus),2011,,,Yes,2009,2014,2018,62,5558952
194,Paraguay,17.0,2.48,Paraguay,PY,Paraguayan guarani,,Latin America & Caribbean,Upper middle income,PY,2014,,Value added at basic prices (VAB),IBRD,,Country uses the 2008 System of National Accounts methodology,,BPM5 (Converted into BPM6 by IMF),Actual,General trade system,Consolidated central government,Enhanced General Data Dissemination System (e-GDDS),2012,"Multiple Indicator Cluster Survey, 2016","Integrated household survey (IHS), 2017",,2008,2010,2018,86,9968325
195,West Bank and Gaza,16.6,4.008,West Bank and Gaza,PS,Israeli new shekel,,Middle East & North Africa,Lower middle income,GZ,2015,,,,,Country uses the 2008 System of National Accounts methodology,,BPM6,,,Consolidated central government,Special Data Dissemination Standard (SDDS),2017,"Multiple Indicator Cluster Survey, 2019/20","Expenditure survey/budget survey (ES/BS), 2016/17",,2010,2013,2018,82,8454547
198,French Polynesia,,2.013,French Polynesia,PF,CFP franc,,East Asia & Pacific,High income,PF,2005,,Value added at basic prices (VAB),,,Country uses the 1993 System of National Accounts methodology,,BPM6,,Special trade system,,,2017,,,Yes,,,2015,46,7916341
199,Qatar,7.3,1.907,Qatar,QA,Qatari riyal,,Middle East & North Africa,High income,QA,2018,,Value added at producer prices (VAP),,,Country uses the 1993 System of National Accounts methodology,,BPM5 (Converted into BPM6 by IMF),,General trade system,Budgetary central government,Enhanced General Data Dissemination System (e-GDDS),2020 (expected),"Multiple Indicator Cluster Survey, 2012",,Yes,,2013,2018,69,4941617
200,Romania,7.7,1.58,Romania,RO,New Romanian leu,,Europe & Central Asia,Upper middle income,RO,Original chained constant price data are rescaled.,2005,Value added at basic prices (VAB),IBRD,,Country uses the 2008 System of National Accounts methodology,"1987–89, 1992",BPM6,Actual,Special trade system,Consolidated central government,Special Data Dissemination Standard Plus (SDDS Plus),2011,"Romania Reproductive Health Survey, 2004","Income survey (IS), 2016",Yes,2010,2013,2018,60,2955326
202,Rwanda,29.2,3.885,Rwanda,RW,Rwandan franc,,Sub-Saharan Africa,Low income,RW,2017,,Value added at basic prices (VAB),IDA,HIPC,Country uses the 2008 System of National Accounts methodology,1994,BPM6,Actual,General trade system,Budgetary central government,Enhanced General Data Dissemination System (e-GDDS),2012,"Demographic and Health Survey, 2019/20","Integrated household survey (IHS), 2016/17",,"2008, 2013",1999,2016,33,8294432
204,Saudi Arabia,11.1,2.532,Saudi Arabia,SA,Saudi Arabian riyal,,Middle East & North Africa,High income,SA,2010,,Value added at producer prices (VAP),,,Country uses the 2008 System of National Accounts methodology,,BPM6,,General trade system,Budgetary central government,Special Data Dissemination Standard (SDDS),2020 (expected),Demographic Survey 2016,,,2015,2006,2018,61,4429175
205,Sudan,44.8,4.532,Sudan,SD,Sudanese pound,,Sub-Saharan Africa,Low income,SD,1996,,Value added at basic prices (VAB),IDA,HIPC,Country uses the 1968 System of National Accounts methodology,,BPM6,Preliminary,General trade system,,Enhanced General Data Dissemination System (e-GDDS),2020 (expected),"Multiple Indicator Cluster Survey, 2014","Expenditure survey/budget survey (ES/BS), 2009",,,2001,2017,69,8072192
206,Senegal,33.6,4.769,Senegal,SN,West African CFA franc,,Sub-Saharan Africa,Lower middle income,SN,2014,,Value added at basic prices (VAB),IDA,HIPC,Country uses the 2008 System of National Accounts methodology,,BPM6,Actual,General trade system,Budgetary central government,Special Data Dissemination Standard (SDDS),2013,"Continuous Demographic and Health Survey, 2017","Priority survey (PS), 2011/12",,2013,2012,2018,48,8818905
207,Singapore,2.2,1.2,Singapore,SG,Singapore dollar,Fiscal year end: March 31; reporting period for national accounts data: CY.,East Asia & Pacific,High income,SG,Original chained constant price data are rescaled.,2015,Value added at basic prices (VAB),,,Country uses the 2008 System of National Accounts methodology,,BPM6,,General trade system,Consolidated central government,Special Data Dissemination Standard (SDDS),2020 (expected). Population figures compiled from administrative registers.,"National Health Survey, 2010",,Yes,,2014,2018,30,1622296
208,Solomon Islands,21.8,3.85,Solomon Islands,SB,Solomon Islands dollar,,East Asia & Pacific,Lower middle income,SB,2012,,Value added at basic prices (VAB),IDA,,Country uses the 1993 System of National Accounts methodology,,BPM6,Actual,Special trade system,Budgetary central government,Enhanced General Data Dissemination System (e-GDDS),2019,"Solomon Islands Demographic and Health Survey, 2006/07","Integrated household survey (IHS), 2012/13",,,,2018,50,3586060
209,Sierra Leone,83.3,4.457,Sierra Leone,SL,Sierra Leonean leone,,Sub-Saharan Africa,Low income,SL,2006,,Value added at basic prices (VAB),IDA,HIPC,Country uses the 1993 System of National Accounts methodology,,BPM5 (Converted into BPM6 by IMF),Actual,General trade system,Consolidated central government,Enhanced General Data Dissemination System (e-GDDS),2020,"Demographic and Health Survey, 2019","Integrated household survey (IHS), 2011",,,1993,2017,90,9172983
210,El Salvador,12.9,2.079,El Salvador,SV,U.S. dollar,,Latin America & Caribbean,Lower middle income,SV,Original chained constant price data are rescaled.,2014,Value added at basic prices (VAB),IBRD,,Country uses the 2008 System of National Accounts methodology,,BPM6,Actual,General trade system,Consolidated central government,Special Data Dissemination Standard (SDDS),2007,"Multiple Indicator Cluster Survey, 2014","Integrated household survey (IHS), 2017",Yes,2007-2008,1998,2018,37,3776247
211,San Marino,2.5,,San Marino,SM,Euro,,Europe & Central Asia,High income,SM,2007,,Value added at basic prices (VAB),,,Country uses the 1993 System of National Accounts methodology,,,,,Consolidated central government,Enhanced General Data Dissemination System (e-GDDS),2020 (expected),,,Yes,,,,45,8756211
212,Somalia,82.6,6.267,Somalia,SO,Somali shilling,,Sub-Saharan Africa,Low income,SO,2013,,Value added at basic prices (VAB),IDA,HIPC,Country uses the 1968 System of National Accounts methodology,1977–90,BPM5 (Converted into BPM6 by IMF),Actual,,,,1987. Enumeration of settled population was in November 1986 and of nomads in February 1987.,"Multiple Indicator Cluster Survey, 2006",,,,1986,,32,3671221
213,Serbia,5.1,1.46,Serbia,RS,New Serbian dinar,"Montenegro declared independence from Serbia and Montenegro on June 3, 2006. Where available, data for each country are shown separately. However, for Serbia, some indicators, such as those series for which data appear only for Serbia and not Montenegro--e.g., aid, environment, external debt, balance of payments, various social indicators excluding population--continue to include data for Montenegro through 2005. Moreover, data from 1999 onward for Serbia for most indicators exclude data for Kosovo, 1999 being the year when Kosovo became a territory under international administration pursuant to UN Security Council Resolution 1244 (1999); any exceptions are noted. Kosovo became a World Bank member on June 29, 2009; available data are shown separately for Kosovo. In 2011, the Statistical Office of Serbia improved the methodology of national accounts data for 2003 onward. Specifically, the classification of sectors was revised.",Europe & Central Asia,Upper middle income,YF,Original chained constant price data are rescaled.,2015,Value added at basic prices (VAB),IBRD,,Country uses the 2008 System of National Accounts methodology,,BPM6,Actual,General trade system,Consolidated central government,Enhanced General Data Dissemination System (e-GDDS),2011,"Multiple Indicator Cluster Survey, 2019","Expenditure survey/budget survey (ES/BS), 2016",Yes,2012,2014,2018,79,7393135
215,South Sudan,59.2,4.855,South Sudan,SS,South Sudanese Pound,Fiscal year end: June 30; reporting period for national accounts data: FY.,Sub-Saharan Africa,Low income,SS,2009,,Value added at basic prices (VAB),IDA,,Country uses the 2008 System of National Accounts methodology,,BPM6,,,,,2008,"Multiple Indicator Cluster Survey, 2010","Expenditure survey/budget survey (ES/BS), 2009",,,,,75,3252122
219,Suriname,17.8,2.372,Suriname,SR,Suriname dollar,,Latin America & Caribbean,Upper middle income,SR,2015,,Value added at basic prices (VAB),IBRD,,Country uses the 2008 System of National Accounts methodology,,BPM6,,General trade system,Budgetary central government,Enhanced General Data Dissemination System (e-GDDS),2012,"Multiple Indicator Cluster Survey, 2018","Expenditure survey/budget survey (ES/BS), 1999",Yes,2008-2009,,2018,54,5925717
220,Slovak Republic,4.9,1.4,Slovak Republic,SK,Euro,"A simple multiplier is used to convert the national currencies of EMU members to euros. The following irrevocable euro conversion rate entered into force on January 1, 2009: 1 euro = 30.126 Slovak koruna. Please note that historical data are not actual euros and are not comparable or suitable for aggregation across countries.",Europe & Central Asia,High income,SK,Original chained constant price data are rescaled.,2015,Value added at basic prices (VAB),,Euro area,Country uses the 2008 System of National Accounts methodology,,BPM6,,Special trade system,Consolidated central government,Special Data Dissemination Standard Plus (SDDS Plus),2011,"World Health Survey, 2003","Income survey (IS), 2015",Yes,2010,2013,2018,63,404797
221,Slovenia,1.8,1.57,Slovenia,SI,Euro,"A simple multiplier is used to convert the national currencies of EMU members to euros. The following irrevocable euro conversion rate entered into force on January 1, 2007: 1 euro = 239.64 Slovenian tolar. Please note that historical data are not actual euros and are not comparable or suitable for aggregation across countries.",Europe & Central Asia,High income,SI,Original chained constant price data are rescaled.,2015,Value added at basic prices (VAB),,Euro area,Country uses the 2008 System of National Accounts methodology,,BPM6,,Special trade system,Consolidated central government,Special Data Dissemination Standard Plus (SDDS Plus),2018. Population figures compiled from administrative registers.,"World Health Survey, 2003","Income survey (IS), 2015",Yes,2010,2013,2018,59,9078378
222,Sweden,2.4,1.85,Sweden,SE,Swedish krona,Fiscal year end: June 30; reporting period for national accounts data: CY.,Europe & Central Asia,High income,SE,Original chained constant price data are rescaled.,2015,Value added at basic prices (VAB),,,Country uses the 2008 System of National Accounts methodology,,BPM6,,Special trade system,Consolidated central government,Special Data Dissemination Standard Plus (SDDS Plus),2011. Population figures compiled from administrative registers.,,"Income survey (IS), 2015",Yes,2010,2014,2018,50,3009555
224,Sint Maarten (Dutch part),,,Sint Maarten (Dutch part),SX,Netherlands Antillean guilder,,Latin America & Caribbean,High income,SX,2011,,Value added at basic prices (VAB),,,,,BPM6,,,,,,,,Yes,,,,64,5904886
225,Seychelles,12.3,2.78,Seychelles,SC,Seychelles rupee,,Sub-Saharan Africa,High income,SC,2006,,Value added at basic prices (VAB),IBRD,,Country uses the 1993 System of National Accounts methodology,,BPM6,,General trade system,Consolidated central government,Special Data Dissemination Standard (SDDS),2020 (expected),,"Expenditure survey/budget survey (ES/BS), 2013",Yes,2011,,2018,65,3099931
226,Syrian Arab Republic,14.2,2.916,Syrian Arab Republic,SY,Syrian pound,,Middle East & North Africa,Low income,SY,2000,,Value added at producer prices (VAP),IDA,,Country uses the 1993 System of National Accounts methodology,1970–2010,BPM5 (Converted into BPM6 by IMF),Estimate,,Budgetary central government,Enhanced General Data Dissemination System (e-GDDS),2004,"Multiple Indicator Cluster Survey, 2006","Expenditure survey/budget survey (ES/BS), 2007",,,2005,2010,73,5757591
227,Turks and Caicos Islands,,,Turks and Caicos Islands,TC,U.S. dollar,,Latin America & Caribbean,High income,TC,2012,,Value added at basic prices (VAB),,,Country uses the 1993 System of National Accounts methodology,,BPM6,,,,,2012,"Multiple Indicator Cluster Survey, 2019/20",,Yes,,,2012,31,515280
228,Chad,75.2,5.947,Chad,TD,Central African CFA franc,,Sub-Saharan Africa,Low income,TD,2005,,Value added at basic prices (VAB),IDA,HIPC,Country uses the 1993 System of National Accounts methodology,,BPM5 (Converted into BPM6 by IMF),Preliminary,,,Enhanced General Data Dissemination System (e-GDDS),2009,"Multiple Indicator Cluster Survey, 2019","Priority survey (PS), 2011",,,,1995,86,4557155
231,Togo,50.7,4.45,Togo,TG,West African CFA franc,,Sub-Saharan Africa,Low income,TG,2016,,Value added at basic prices (VAB),IDA,HIPC,Country uses the 2008 System of National Accounts methodology,,BPM6,Actual,General trade system,Budgetary central government,Enhanced General Data Dissemination System (e-GDDS),2020 (expected),"Malaria Indicator Survey, 2017; Multiple Indicator Cluster Survey, 2017","Core Welfare Indicator Questionnaire Survey (CWIQ), 2015",,2011-14,,2017,82,1397246
232,Thailand,10.5,1.482,Thailand,TH,Thai baht,Fiscal year end: September 30; reporting period for national accounts data: CY.,East Asia & Pacific,Upper middle income,TH,Original chained constant price data are rescaled.,2002,Value added at producer prices (VAP),IBRD,,Country uses the 2008 System of National Accounts methodology,,BPM6,Actual,Special trade system,Consolidated central government,Special Data Dissemination Standard (SDDS),2020 (expected),"Multiple Indicator Cluster Survey, 2019","Integrated household survey (IHS), 2015",,2013,2011,2018,66,1590664
233,Tajikistan,37.1,3.36,Tajikistan,TJ,Tajik somoni,,Europe & Central Asia,Lower middle income,TJ,Original chained constant price data are rescaled.,2000,Value added at basic prices (VAB),IDA,,Country uses the 1993 System of National Accounts methodology,1990–95,BPM6,Actual,,,Enhanced General Data Dissemination System (e-GDDS),2020 (expected),"Demographic and Health Survey, 2017","Expenditure survey/budget survey (ES/BS), 2015",,2013,,,78,5331530
234,Turkmenistan,43.4,2.888,Turkmenistan,TM,New Turkmen manat,,Europe & Central Asia,Upper middle income,TM,Original chained constant price data are rescaled.,2005,Value added at basic prices (VAB),IBRD,,Country uses the 1993 System of National Accounts methodology,"1987–95, 1997–2007",BPM5 (Converted into BPM6 by IMF),Actual,,,,2012,"Multiple Indicator Cluster Survey, 2019","Living Standards Measurement Study Survey (LSMS), 1998",,,,2000,40,8141417
236,Timor-Leste,42.4,5.503,Timor-Leste,TL,U.S. dollar,,East Asia & Pacific,Lower middle income,TP,2015,,Value added at basic prices (VAB),Blend,,Country uses the 2008 System of National Accounts methodology,,,Actual,General trade system,,Enhanced General Data Dissemination System (e-GDDS),2015,"Demographic and Health Survey, 2016","Living Standards Measurement Study Survey (LSMS), 2014/15",,,,2017,61,2060357
238,Tonga,14.1,3.636,Tonga,TO,Tongan pa'anga,Fiscal year end: June 30; reporting period for national accounts data: FY.,East Asia & Pacific,Upper middle income,TO,2016/17,,Value added at basic prices (VAB),IDA,,Country uses the 1993 System of National Accounts methodology,,BPM6,Actual,,Consolidated central government,Enhanced General Data Dissemination System (e-GDDS),2016,"Multiple Indicator Cluster Survey, 2019","Integrated household survey (IHS), 2009",,2015,1981,2014,85,5740312
241,Trinidad and Tobago,16.5,1.752,Trinidad and Tobago,TT,Trinidad and Tobago dollar,,Latin America & Caribbean,High income,TT,2012,,Value added at basic prices (VAB),IBRD,,Country uses the 2008 System of National Accounts methodology,,BPM6,,Special trade system,,Enhanced General Data Dissemination System (e-GDDS),2011,"Multiple Indicator Cluster Survey, 2011","Integrated household survey (IHS), 1992",Yes,,2006,2015,60,3500295
242,Tunisia,11.7,2.201,Tunisia,TN,Tunisian dinar,,Middle East & North Africa,Lower middle income,TN,2010,,Value added at basic prices (VAB),IBRD,,Country uses the 1993 System of National Accounts methodology,,BPM5 (Converted into BPM6 by IMF),Actual,General trade system,Budgetary central government,Special Data Dissemination Standard (SDDS),2014,"Multiple Indicator Cluster Survey, 2018","Integrated household survey (IHS), 2015",,,2010,2017,86,8612626
243,Turkey,10.9,2.053,Turkey,TR,New Turkish lira,,Europe & Central Asia,Upper middle income,TR,Original chained constant price data are rescaled.,2009,Value added at basic prices (VAB),IBRD,,Country uses the 2008 System of National Accounts methodology,,BPM6,Actual,Special trade system,Consolidated central government,Special Data Dissemination Standard (SDDS),"2011. Population figures compiled from administrative registers in combination with other sources of data, such as sample surveys.","Demographic and Health Survey, 2018","Expenditure survey/budget survey (ES/BS), 2016",Yes,,2014,2018,89,9886622
244,Tuvalu,21.4,,Tuvalu,TV,Australian dollar,,East Asia & Pacific,Upper middle income,TV,2005,,Value added at basic prices (VAB),IDA,,Country uses the 1968 System of National Accounts methodology,,BPM6,,,,Enhanced General Data Dissemination System (e-GDDS),2012,"Multiple Indicator Cluster Survey, 2019/20","Expenditure survey/budget survey (ES/BS), 2010",,,,2008,50,2987473
245,Tanzania,40.3,5.016,Tanzania,TZ,Tanzanian shilling,,Sub-Saharan Africa,Lower middle income,TZ,2015,,Value added at basic prices (VAB),IDA,HIPC,Country uses the 1993 System of National Accounts methodology,,BPM6,Actual,General trade system,Budgetary central government,Enhanced General Data Dissemination System (e-GDDS),2012,"Malaria Indicator Survey, 2017","Expenditure survey/budget survey (ES/BS), 2011/12",,2007-2008,2010,2018,49,1223497
246,Uganda,37.7,5.591,Uganda,UG,Ugandan shilling,Fiscal year end: June 30; reporting period for national accounts data: FY.,Sub-Saharan Africa,Low income,UG,2016/2017,,Value added at basic prices (VAB),IDA,HIPC,Country uses the 2008 System of National Accounts methodology,,BPM6,Actual,General trade system,Consolidated central government,Enhanced General Data Dissemination System (e-GDDS),2014,"Malaria Indicator Survey, 2018/19; National Panel Survey 2018-2019","Integrated household survey (IHS), 2015/16",,2008-2009,2000,2018,71,3294610
247,Ukraine,7.8,1.466,Ukraine,UA,Ukrainian hryvnia,,Europe & Central Asia,Lower middle income,UA,Original chained constant price data are rescaled.,2016,Value added at basic prices (VAB),IBRD,,Country uses the 2008 System of National Accounts methodology,1987–95,BPM6,Actual,General trade system,Consolidated central government,Special Data Dissemination Standard (SDDS),2020 (expected),"Multiple Indicator Cluster Survey, 2012","Integrated household survey (IHS), 2017",Yes,,2014,2018,63,6470609
249,Uruguay,7.9,1.995,Uruguay,UY,Uruguayan peso,,Latin America & Caribbean,High income,UY,2016,,Value added at basic prices (VAB),IBRD,,Country uses the 2008 System of National Accounts methodology,,BPM6,,Special trade system,Consolidated central government,Special Data Dissemination Standard (SDDS),2011,"Multiple Indicator Cluster Survey, 2012/13","Integrated household survey (IHS), 2017",Yes,2011,2011,2018,89,3230296
250,United States,5.6,1.8,United States,US,U.S. dollar,,North America,High income,US,Original chained constant price data are rescaled.,2015,Value added at basic prices (VAB),,,Country uses the 2008 System of National Accounts methodology,,BPM6,,General trade system,Consolidated central government,Special Data Dissemination Standard Plus (SDDS Plus),2020 (expected),,"Labor force survey (LFS), 2016",Yes,2012,2011,2018,48,1145994
251,Uzbekistan,21.4,2.455,Uzbekistan,UZ,Uzbek som,,Europe & Central Asia,Lower middle income,UZ,Original chained constant price data are rescaled.,2010,Value added at basic prices (VAB),Blend,,Country uses the 1993 System of National Accounts methodology,1990–95,BPM6,Actual,General trade system,Consolidated central government,Enhanced General Data Dissemination System (e-GDDS),1989,"Multiple Indicator Cluster Survey, 2006","Expenditure survey/budget survey (ES/BS), 2013",Yes,,,2018,33,6407295
252,St. Vincent and the Grenadines,15.2,1.931,St. Vincent and the Grenadines,VC,East Caribbean dollar,,Latin America & Caribbean,Upper middle income,VC,2006,,Value added at basic prices (VAB),Blend,,Country uses the 2008 System of National Accounts methodology,,BPM6,Actual,Special trade system,Budgetary central government,Enhanced General Data Dissemination System (e-GDDS),2012,,,Yes,,,2018,49,1784338
254,British Virgin Islands,,,British Virgin Islands,VG,U.S. dollar,,Latin America & Caribbean,High income,VG,,,,,,,,,,,,,2020 (expected),"STEPS Risk Factor Survey, 2010",,Yes,,,,42,2638394
256,Vietnam,17.3,1.954,Vietnam,VN,Vietnamese dong,,East Asia & Pacific,Lower middle income,VN,2010,,Value added at basic prices (VAB),IBRD,,Country uses the 1993 System of National Accounts methodology,1991,BPM6,Actual,General trade system,,Enhanced General Data Dissemination System (e-GDDS),2019,"Multiple Indicator Cluster Survey, 2020/21","Integrated household survey (IHS), 2016",Yes,2016,2013,2017,48,2545996
257,Vanuatu,23.1,3.275,Vanuatu,VU,Vanuatu vatu,,East Asia & Pacific,Lower middle income,VU,2006,,Value added at basic prices (VAB),IDA,,Country uses the 1993 System of National Accounts methodology,,BPM6,Estimate,,Budgetary central government,Enhanced General Data Dissemination System (e-GDDS),2020 (expected),"Multiple Indicator Cluster Survey, 2007/08","Integrated household survey (IHS), 2010",,2007,,2011,49,4175715
259,Samoa,14.8,3.976,Samoa,WS,Samoan tala,Fiscal year ends on June 30; reporting period for national accounts data: FY.,East Asia & Pacific,Lower middle income,WS,2013,,Value added at producer prices (VAP),IDA,,Country uses the 1993 System of National Accounts methodology,,BPM6,Actual,General trade system,Budgetary central government,Enhanced General Data Dissemination System (e-GDDS),2020 (expected),"Multiple Indicator Cluster Survey, 2019/20","Expenditure survey/budget survey (ES/BS), 2013",,2009,,2018,72,8917159
260,Kosovo,,2.06,Kosovo,XK,Euro,,Europe & Central Asia,Upper middle income,XK,Original chained constant price data are rescaled.,2008,Value added at basic prices (VAB),IDA,,Country uses the 1993 System of National Accounts methodology,,BPM6,Actual,,,Enhanced General Data Dissemination System (e-GDDS),2011,"Multiple Indicator Cluster Survey, 2019/20","Expenditure survey/budget survey (ES/BS), 2015",,2014,,,33,7952801
262,South Africa,34.2,2.458,South Africa,ZA,South African rand,Fiscal year end: March 31; reporting period for national accounts data: CY.,Sub-Saharan Africa,Upper middle income,ZA,2015,,Value added at basic prices (VAB),IBRD,,Country uses the 2008 System of National Accounts methodology,,BPM6,Actual,General trade system,Consolidated central government,Special Data Dissemination Standard (SDDS),2011,"Demographic and Health Survey, 2016","Expenditure survey/budget survey (ES/BS), 2014/15",,2007,2010,2018,83,5571088
263,Zambia,43.8,4.981,Zambia,ZM,New Zambian kwacha,"National accounts data were rebased to reflect the January 1, 2013, introduction of the new Zambian kwacha at a rate of 1,000 old kwacha = 1 new kwacha.",Sub-Saharan Africa,Lower middle income,ZM,2010,,Value added at basic prices (VAB),IDA,HIPC,Country uses the 2008 System of National Accounts methodology,1990–92,BPM6,Actual,General trade system,Budgetary central government,Enhanced General Data Dissemination System (e-GDDS),2020 (expected),"Demographic and Health Survey, 2018","Integrated household survey (IHS), 2015",,,1994,2018,74,9384659
264,Zimbabwe,40.0,3.76,Zimbabwe,ZW,Zimbabwean Dollar,"National Accounts data are in Zimbabwean Dollar (ZWL). Before 2017, one ZWL is set to be equal to one USD.",Sub-Saharan Africa,Lower middle income,ZW,2012,,Value added at basic prices (VAB),Blend,,Country uses the 2008 System of National Accounts methodology,"1991, 1998",BPM6,Actual,General trade system,Budgetary central government,Enhanced General Data Dissemination System (e-GDDS),2012,"Multiple Indicator Cluster Survey, 2019","Integrated household survey (IHS), 2011/12",,,,2018,82,1181091
